USUBJID,original_shape_MajorAxisLength_CT_Brain,original_shape_Maximum2DDiameterColumn_CT_Brain,original_firstorder_10Percentile_CT_Brain,original_firstorder_Energy_CT_Brain,original_firstorder_Skewness_CT_Brain,original_firstorder_Variance_CT_Brain,original_glcm_Autocorrelation_CT_Brain,original_glrlm_GrayLevelNonUniformity_CT_Brain,log-sigma-2-0-mm-3D_firstorder_Maximum_CT_Brain,log-sigma-2-0-mm-3D_glszm_GrayLevelNonUniformity_CT_Brain,log-sigma-2-0-mm-3D_glszm_LargeAreaEmphasis_CT_Brain,log-sigma-2-0-mm-3D_glszm_LargeAreaHighGrayLevelEmphasis_CT_Brain,log-sigma-5-0-mm-3D_firstorder_10Percentile_CT_Brain,wavelet-LLH_firstorder_Maximum_CT_Brain,wavelet-LLH_firstorder_Minimum_CT_Brain,wavelet-LHH_firstorder_Kurtosis_CT_Brain,wavelet-LHH_firstorder_Skewness_CT_Brain,wavelet-LHH_glszm_LargeAreaHighGrayLevelEmphasis_CT_Brain,wavelet-HHL_glrlm_LongRunHighGrayLevelEmphasis_CT_Brain,wavelet-LLL_glrlm_GrayLevelNonUniformity_CT_Brain,wavelet-LLL_gldm_DependenceVariance_CT_Brain,square_glrlm_LongRunHighGrayLevelEmphasis_CT_Brain,square_glrlm_RunVariance_CT_Brain,square_glszm_LargeAreaEmphasis_CT_Brain,squareroot_glcm_Autocorrelation_CT_Brain,squareroot_glrlm_RunLengthNonUniformity_CT_Brain,squareroot_glszm_GrayLevelNonUniformity_CT_Brain,squareroot_glszm_LargeAreaEmphasis_CT_Brain,logarithm_glcm_ClusterProminence_CT_Brain,logarithm_glrlm_RunLengthNonUniformity_CT_Brain,logarithm_glszm_GrayLevelNonUniformity_CT_Brain,exponential_firstorder_Kurtosis_CT_Brain,original_firstorder_MeanAbsoluteDeviation_CT_GTV,original_glcm_ClusterShade_CT_GTV,log-sigma-2-0-mm-3D_firstorder_Kurtosis_CT_GTV,log-sigma-2-0-mm-3D_firstorder_MeanAbsoluteDeviation_CT_GTV,log-sigma-2-0-mm-3D_firstorder_Skewness_CT_GTV,log-sigma-3-0-mm-3D_firstorder_Kurtosis_CT_GTV,log-sigma-5-0-mm-3D_firstorder_Skewness_CT_GTV,wavelet-LLH_firstorder_MeanAbsoluteDeviation_CT_GTV,wavelet-LLH_glszm_LargeAreaLowGrayLevelEmphasis_CT_GTV,wavelet-LHL_firstorder_Skewness_CT_GTV,wavelet-LHL_glcm_ClusterShade_CT_GTV,wavelet-HLL_glszm_LargeAreaLowGrayLevelEmphasis_CT_GTV,wavelet-HLH_firstorder_MeanAbsoluteDeviation_CT_GTV,wavelet-HHH_firstorder_Skewness_CT_GTV,squareroot_gldm_LargeDependenceEmphasis_CT_GTV,logarithm_glrlm_LongRunLowGrayLevelEmphasis_CT_GTV,logarithm_glszm_LargeAreaEmphasis_CT_GTV,logarithm_gldm_DependenceVariance_CT_GTV,original_glrlm_LongRunEmphasis_CT_Peritumor,original_glszm_GrayLevelVariance_CT_Peritumor,original_glszm_LargeAreaEmphasis_CT_Peritumor,original_gldm_DependenceVariance_CT_Peritumor,log-sigma-2-0-mm-3D_firstorder_Skewness_CT_Peritumor,log-sigma-2-0-mm-3D_glszm_LargeAreaLowGrayLevelEmphasis_CT_Peritumor,log-sigma-2-0-mm-3D_gldm_LargeDependenceEmphasis_CT_Peritumor,log-sigma-3-0-mm-3D_firstorder_Kurtosis_CT_Peritumor,log-sigma-4-0-mm-3D_firstorder_10Percentile_CT_Peritumor,wavelet-LLH_firstorder_MeanAbsoluteDeviation_CT_Peritumor,wavelet-LLH_firstorder_Skewness_CT_Peritumor,wavelet-LHL_firstorder_Kurtosis_CT_Peritumor,wavelet-LHL_firstorder_Skewness_CT_Peritumor,wavelet-LHH_firstorder_Skewness_CT_Peritumor,wavelet-HLL_firstorder_MeanAbsoluteDeviation_CT_Peritumor,wavelet-HLL_glcm_ClusterShade_CT_Peritumor,wavelet-HLH_firstorder_Skewness_CT_Peritumor,wavelet-HHL_firstorder_Skewness_CT_Peritumor,wavelet-HHL_glcm_ClusterShade_CT_Peritumor,wavelet-LLL_firstorder_Kurtosis_CT_Peritumor,square_firstorder_Maximum_CT_Peritumor,square_glcm_Autocorrelation_CT_Peritumor,squareroot_firstorder_Minimum_CT_Peritumor,squareroot_glrlm_RunVariance_CT_Peritumor,original_firstorder_InterquartileRange_MR_Brain,original_firstorder_Maximum_MR_Brain,original_firstorder_Minimum_MR_Brain,original_glszm_GrayLevelNonUniformity_MR_Brain,log-sigma-2-0-mm-3D_firstorder_Median_MR_Brain,wavelet-LHH_firstorder_Maximum_MR_Brain,wavelet-HLH_firstorder_Kurtosis_MR_Brain,wavelet-HHL_firstorder_Maximum_MR_Brain,wavelet-HHL_glszm_LargeAreaHighGrayLevelEmphasis_MR_Brain,wavelet-HHH_glszm_LargeAreaHighGrayLevelEmphasis_MR_Brain,exponential_firstorder_Kurtosis_MR_Brain,exponential_glszm_LargeAreaEmphasis_MR_Brain,original_firstorder_10Percentile_MR_GTV,log-sigma-3-0-mm-3D_firstorder_90Percentile_MR_GTV,wavelet-LLH_glcm_ClusterShade_MR_GTV,wavelet-LHL_firstorder_Median_MR_GTV,wavelet-LHL_glcm_ClusterShade_MR_GTV,wavelet-LHH_glcm_ClusterShade_MR_GTV,wavelet-HHH_glcm_ClusterShade_MR_GTV,original_firstorder_InterquartileRange_MR_Peritumor,original_firstorder_Kurtosis_MR_Peritumor,original_glszm_LargeAreaLowGrayLevelEmphasis_MR_Peritumor,original_gldm_LargeDependenceEmphasis_MR_Peritumor,log-sigma-2-0-mm-3D_glszm_LargeAreaLowGrayLevelEmphasis_MR_Peritumor,log-sigma-4-0-mm-3D_firstorder_Mean_MR_Peritumor,log-sigma-5-0-mm-3D_firstorder_Kurtosis_MR_Peritumor,wavelet-HLL_firstorder_Kurtosis_MR_Peritumor,wavelet-HLL_firstorder_Mean_MR_Peritumor,wavelet-HLL_glcm_Autocorrelation_MR_Peritumor,wavelet-HLH_glcm_ClusterShade_MR_Peritumor,wavelet-HHL_glcm_ClusterShade_MR_Peritumor,wavelet-HHH_firstorder_Kurtosis_MR_Peritumor,squareroot_firstorder_Kurtosis_MR_Peritumor,exponential_firstorder_Maximum_MR_Peritumor,exponential_firstorder_Median_MR_Peritumor
NGS0548,152.61577992544247,151.85519418182574,122.95832731998756,32640662599.74177,13.50832125318462,52.083948683104744,49.24743299848464,4876.702247514263,87.35733795166016,143.235807860262,18471793.184861716,1105761296.8558953,-0.3699319720268248,175.49504105549173,-343.96221085141565,57.99302387379157,-0.773609346864294,644975792.8909224,343.6449744950148,4518.416365530612,62.25573606973054,1176.9256505884457,230.62822636489608,2030673980.25,625.8712114609336,7769.8935152550275,989.18,5435394.399183674,985.4824513609,10036.143373601157,900.1472816024238,309.61653994871705,4.067155431496211,9.345803470098796,10.707708321998222,9.591735407456918,0.1503878532920576,7.268463563339616,-1.2326462079745044,2.8054018797782247,1653.580161487316,1.0883864182890923,1.053167725947057,2001.9350321989311,1.3398782581334363,-0.6968597954317223,466.289647960962,6.443436040849468,60934.66346153846,59.58659246247279,13.658083147568858,4.599202994807391,90961.010989011,30.861564366703178,1.3977054302004994,1415.3565609038228,153.3452855245684,4.173997472802551,-5.021306085586547,4.101484872765325,-1.7700206996897296,20.191309327451386,1.115104010580208,-2.1151715111643887,5.97523499427515,1.7325262676261777,-3.0574453326028914,-5.6514570081404845,-1.0889733609442802,16.87434470225484,37.65471422635093,1.0029682577268062,573.5142355893627,4.336847159979522,74.59019983498001,1052.5634408264627,-37.60826602459738,804.2979226271924,-5.167138576507568,579.0923476822144,18.23274803218563,668.8962873670735,320205239.57509637,325754053.5181331,6489.308298840093,108508982.88135593,100.57344045664338,47.78261337280281,-51.775071714246145,-0.3680529387500428,-24.908905444947543,4.472422747105802,-1.05976431519798,75.277163124342,6.329336120801147,4.1149142345293015,47.99269588313413,18.798477258819627,-8.790989778169083,4.98136552615677,13.049659513718126,-7.781988244986515,808.422564400609,-5.636904029277984,50.182534406098426,16.543863544171007,5.771274413832401,62.77591320434391,4.386596070596375
NGS0546,155.81988452138447,148.43180252223578,134.14508084049476,35060334210.30951,12.680555974268463,53.86051866969556,25.480711142465847,5417.635469571696,74.83668518066406,173.85041224970553,16178440.09187279,730887736.4487633,-0.5913108646869661,182.98982079198043,-296.76273176707156,70.4979439308643,2.1572176700913737,482983356.31329787,539.5542829139274,7604.253639229322,68.49042861297431,1067.7826326715217,282.0494677408194,126270287.5112782,145.653894936197,4390.1488855898815,358.0449881610103,11997205.687450672,47.05029853128376,4520.074934996132,537.8403205918619,337.93667982011374,1.5092328534709298,0.511685845703472,13.924750143109858,3.718233938857524,2.6639453397145263,9.291834928456565,0.2130107531223943,2.1259877652287567,28243.11126841365,7.382650140109353,0.3351005811472539,2864.714767742689,1.9364983516496703,2.0260813760747816,588.9310265015623,117.48862415292244,3073798.125,23.93175102626826,12.88741053054116,4.044370447450572,188107.1935483871,29.21870073314253,0.0988036392650347,7519.92625869029,172.25809243552015,8.743052799930824,-0.6400410890579223,3.918072945709518,4.300869336763901,38.97517141052903,2.166222669409176,-6.422313764812379,5.677874588206766,-8.688813349406477,2.478734508662655,-1.6767214210790162,-0.5083027365649125,27.79038508128849,280.64006502875196,1.091531244875542,230.01018693240084,5.1196168971272975,68.52300120986473,1105.990860381284,-30.92612588195007,900.8891307988612,-3.9149303436279297,546.9283003511164,18.464588571686846,625.1870694533134,374480745.1653714,371724851.71087533,6234.577482209424,82714713.585,198.74134537484017,26.037677764892575,-32.87807135674806,1.509474690770029,-6.512016349925329,1.7598235737851744,-2.0467648673923913,50.35216863570753,13.251991636799405,10.49930893764462,54.58109745542669,57.78430071547253,-2.462972024665565,9.576249581365705,18.570268158746124,-1.8030678805013085,1631.6664985851176,16.61323366956153,19.126440283640683,12.310265644366162,8.188659378725362,418.49668065214814,4.843659366951754
NGS0125,151.83577663467744,156.5247584249853,177.80778505692024,44197006704.78504,11.88901664981629,301.04370208148634,7.047801803663599,33233.61738959043,98.18695068359376,214.20200333889815,11038031.014190318,1780652458.7946577,-1.0847431182861318,175.2479639047487,-237.16673750257428,64.03745727110953,-1.4890116404758402,892116258.5880661,559.8777419412834,6164.0341263169375,68.78008480275167,586.1392138179466,329.61134083363584,23461375.94909345,16.548817420134966,3541.5502655191813,501.87388987566607,11501018.356305506,40.01146633785096,3929.8087775202944,347.795631825273,376.9104375559206,4.679436266947915,25.479655731335388,16.800973410263428,5.07777031147046,2.9257097409024064,10.275958077681215,0.1221655944158756,4.879837274413915,4393.272668550777,-0.0812695520438995,2.811359270470235,8339.612243219619,2.389670686486684,0.6641494692756331,397.28684275487535,28.98730866303344,1745542.2097902098,29.60096405061582,5.694117704667675,21.106880420572253,187869.6070763501,35.11213612829051,-0.1972311299273152,5007.263069877485,207.05372296305748,10.173543730140436,-0.8973167181015015,5.953765756591177,-1.2178731645380674,22.72383935127793,-0.4177072068965844,-0.9657424284739948,8.090175324945479,1.8967558464247456,-1.1656283023949343,-0.0002588001234663,-1.7820882159792353,22.18532778377785,274.1602959624959,2.6653756278540266,392.5926493895342,5.150495172157065,94.4833589589947,1228.8585805031084,-36.11249111488745,958.2104968328522,-4.730965614318848,600.5456798415615,18.88643025175061,873.3972372535789,294641516.1325933,295644344.0685954,2918.091721756643,53201854.88432268,115.79497204905924,59.13677787780765,-131.46910409371569,2.724838484761708,-672.5923566809456,28.117918246078887,0.7028187470777287,99.61709165315318,5.592375802661821,4.977174697988195,49.816180692911374,35.39155357466348,1.0232366710803331,5.27616913255055,12.868216060017431,-1.4735881641533972,1973.9251562867664,12.462960223052956,33.9721181952069,17.034204345122472,5.109145569446676,110.7631528142384,5.126252574725788
NGS0515,166.4909166320825,164.07315441594946,197.46507950665287,53557230853.46858,6.286256573448142,144.70487010804212,185.50371811502288,37967.51184983942,154.9561309814453,264.4706971005552,10456905.938926589,976268161.1030228,-7.766251373291012,305.55642638967146,-398.8012437214261,87.78149906533815,0.8678392363665571,934357859.0269372,928.5300559907124,8217.975085276546,74.06249773120447,2006.2356354336057,313.22702861787286,26575551.183870967,1288.7789019199995,9673.586126758146,910.4859387923904,6766579.450992556,42775.29345424084,2960.7352071145474,565.2839036755387,471.41276251539546,9.527665839238786,-152.0452343410059,48.07527878334736,4.683290335304432,6.006315555983585,46.87791732664223,2.280818088683521,5.200861358034898,1177.3272193811536,1.2949979409871235,5.923134913678758,1173.1453436694696,3.3606325678648106,-0.2619586635954406,524.599808291397,0.026232361187808,150692.75,43.03816387444786,8.48036646832022,0.2527434842249657,168042.85185185185,26.6191,2.447517783204088,33967.81078703704,181.07363636363635,4.393682631723168,-1.4384320616722106,24.790340476179324,1.440610788251971,190.7494000097338,-10.559878783939295,-1.39035436072092,5.011793316623283,0.9116683284357991,2.123217906401338,2.292066346794759,0.0373880412446019,49.30417907959341,53.3180583741328,3.2389786832967458,437.7176573936685,5.1926662501316665,102.09881836202408,947.2924443043704,-30.580349005525377,1230.2154126951937,-4.305224418640137,540.3134395838997,19.187911415472655,495.0097901426926,204883925.15004855,393641948.752761,219.83993038043388,159678776.62181818,298.4990037861833,65.32757568359376,-72.01525548500778,-1.7610359707887622,-395.5762730404967,14.267307010405377,-1.0599433724954623,59.47607774881948,4.6928983562101845,7.106868409222714,48.02590909090909,147.87533214403445,7.268541597270152,3.21358344957948,13.311558150509375,6.5108234133617255,722.8872255144604,-22.12990735880297,-3.714874966415064,13.880176603021958,5.810273408188949,53.77735819604586,8.664450347981727
NGS0149,156.83892839062693,154.9322432549145,151.93561475796122,41007472983.160805,10.1591983056864,43.93728105901942,25.40406013614453,5396.297077173658,90.38777160644533,210.94356659142213,16966519.546275396,549022464.7302483,-0.9567410409450527,175.62962755800555,-239.1550227665105,78.21539536132539,1.8154273987245215,580923775.5303469,825.702713864651,5837.6939531482985,66.09020566529477,3725.255060006243,337.7304688442749,44409041.82949309,63.0607936422346,4784.269017390732,660.9042292904579,11136982.64522894,2.225401194117291,11676.945642166982,961.8311148086524,1008.6855746493394,4.941406238083854,25.006330812188107,12.794286668312925,5.976277980170969,2.711471090554754,7.593368594773452,0.4885584445417512,10.106543855655891,204.98316729455073,1.5074228906997813,1.1470903710290017,11154.39136217516,2.1915820642868633,-0.3701090703536144,564.4463636363637,79.45425390493804,439636.09523809527,32.291726446281,26.64100038177264,0.29,1055281.05,25.215615842603448,3.4321579518918375,266646.1059722222,198.04042780748665,8.61221930500864,-0.5309414625167846,9.811921807901603,2.542704434081114,56.54439346764558,3.440210217686621,2.5602234555700956,1.7844264226264137,0.0643258754890747,-6.218458031408907,1.4670250125287738,0.0114955785163133,61.53438048159786,46.180746174381866,1.0006526913942022,342.1894102680888,10.270622998599247,95.35013704619568,1029.9774943428258,-31.041658718639773,1244.222352075488,-5.260989427566528,515.5903469624781,16.214797995202506,667.3934428435556,261611005.9405703,257710523.37487125,1097.9375405983803,113791410.71216618,142.24630933247167,28.146038818359365,-30.561711236682477,-0.8894543437413871,-2.9044789886787723,6.198675779100663,-1.4762333344213645,117.11811036083958,3.2751078801642364,5.141671828885421,52.60513368983957,34.68092476876324,-5.494279889607812,4.660757249141268,15.082336725380433,1.2518505427585214,1266.2748447705185,3.5709919081220085,2.398148615638513,18.858095977876225,4.869912642433664,29.929222608310397,4.79829921063201
NGS0524,147.4017457525255,153.80507143784305,193.07321279762917,47086003024.15057,10.8879584487759,45.81273064872767,101.50358107909572,8900.409098097844,147.81430053710938,184.7355072463768,12253507.435688406,541232743.8505435,-1.9996194362640376,423.61231143090254,-384.860886702484,80.28587705798165,1.1849610405376154,663862434.6503719,1426.567884552311,8414.679554847016,71.95486236851453,3773.3102027734258,329.1477106295212,46216637.36046512,492.8459914467407,13046.74373980952,772.2888418079096,8557386.44526836,11.438174087884583,1994.5448331088332,424.24599303135886,592.9526918074586,1.809385576802054,1.4141233646100455,114.83460518435426,1.124340296966717,2.1593797406003867,35.55352977030506,2.308144703226887,2.6293541375708327,5901.45672042116,-1.0471670088955511,-0.3568589013351059,26769.562961219617,1.848506355122644,2.077941072376981,571.9849356804333,0.7282595943703721,1273946.6666666667,35.43069536893619,16.678079091770567,3.1577078068437947,910352.1157024794,23.17185228729991,2.8725011237208644,59518.605995696555,183.44892324682496,6.609442254839485,-0.7234775424003601,14.088860503671532,0.8936017505638679,53.639955601373494,0.2017034156164681,3.933004330971289,4.449163126548744,3.0839326988709965,3.109192719731981,1.6583931589987655,0.1264454154221694,49.42634185292616,80.47502433653888,4.022720679913359,212.1547594558012,4.049325021514579,108.16953664045346,1079.5116419079593,-27.07826516131174,1281.2666282989394,-5.327090740203857,698.9642769825534,20.433153079680952,675.2239158944602,326680959.1563035,288631469.7901808,615.1645274571654,116081030.62012988,221.20000729334907,19.60664749145508,-26.825177124846864,0.5779997623447105,-48.89193863499926,1.7708461393170951,-0.3191300185838038,143.01293427804563,4.137635764503375,5.255638813669311,46.63335173937051,50.30976958253326,0.3478806227110991,3.307646877900503,23.667154061836,-1.367214080517137,2350.045208845223,22.33679174569037,2.644698101202257,18.950713848757403,3.5003207170684316,158.2015290758688,4.817704948044446
NGS0495,150.92576510289186,147.36349615830918,174.64128941735004,38721312424.09569,14.142826005230145,53.23829499932912,4.568939104348865,10653.229366924665,106.02838897705078,137.66821885913853,12161343.337601865,551463766.1140862,-0.721025812625885,278.4980531050426,-297.8516284809447,58.33005945457588,-0.091762748072195,594102704.2392788,531.3842437294807,15217.51158835193,63.68298338760902,838.0849282924812,316.8496728871406,34723847.57654321,8.474087358542292,6221.027921529308,775.89898989899,7881460.951298702,3.6159601336867215,3609.108358511158,292.07491856677524,1488.0786833948978,4.1540212750671754,1.597017770133282,2.3749649693911588,19.303053950817283,0.8762979916980248,2.3162020580875637,-0.2525451324050701,6.6430511629302185,4705.740132684555,4.307200075414604,1.6361231900088964,46.962128683602174,4.507417118667683,3.8440345673850462,346.671388101983,9.252421046888257,108307.88888888888,39.29560593536582,8.06711714618761,3.933927032461936,26557.915254237287,35.50033384197835,1.4113314405792117,1865.606113618525,132.45529010238909,3.2657979175537917,-0.6052907466888428,8.17216355996712,1.4076230627956436,31.46532061796683,4.716249792146858,-4.163469318725861,14.251355482069751,14.72066620410552,-2.504146170051808,-4.370504824108538,-1.4159222394207611,17.803026908408484,149.73884740348623,1.0910615514346476,391.89854527574033,1.2375890285358877,88.34636956477826,1150.842316022005,-35.43578990616518,755.0443389745832,-6.355854511260986,634.6440517954162,20.04207067976849,696.7142823912598,540555896.919126,396063635.69625217,2273.458408202406,53538880.104761906,121.7747958059052,43.1690628051758,-56.770934359392754,4.802303766036669,-613.5825632472944,2.5185589940383313,2.490845415019733,85.4852388910409,8.113301790730112,0.9231233086928984,28.425255972696245,6.849200155857904,-17.460343715518,4.706828392162542,13.958099525895504,-6.3079299986025195,580.5875078829994,2.9952572462382694,74.63914764202008,15.838802532861722,5.586691229742067,134.8621803199761,4.641288042037917
NGS0239,147.2671200362318,147.95945390545344,143.00346887899173,31502949327.18346,15.677810656428386,19.43709134636709,4.037266585035583,4813.907216942521,81.9869384765625,149.18800648298216,15734443.144246353,707912423.4635333,-1.309737479686737,169.02376064795436,-213.26937445432304,65.48760876517954,0.698360663115953,550918861.5728155,352.3975706018569,4847.428146315081,63.48021742072426,1050.7407341421515,216.92019811907772,3146822797.25,14.637913162421189,7838.148018204455,617.8245675961878,5527492.182139075,75.95321679493759,4393.9995451059585,483.70501474926255,671.1174929807366,0.6130321523295599,0.0,3.7093942946416862,0.2572004089416393,0.2053704623771645,4.063371940427369,2.7774189124290296,0.4860084070987204,291141.5,0.2570277568183075,0.0157230378194349,239501.3125,0.4033535528729064,0.0660464407842915,529.875,46.77364052670402,2768896.0,27.08062130177515,26.856484574928537,0.0,12320100.0,19.821892679442534,8.301789909256238,401994.6388888889,233.1982905982906,59.070980149183264,-0.3468213260173797,0.5854848814209018,0.0149299984247618,36.65757076956606,2.3726042318098512,0.1964267616147161,0.7931049917123849,-0.021829132826203,0.0879140385032999,0.0678682117049833,0.0055310316456923,3.797491350072336,53.964743325920345,1.0,250.5604047133357,7.3183228632546,98.270389137978,913.6285510971576,-31.888776543039512,1045.7165262041638,-5.191274881362915,577.5797723725401,18.17786484001439,730.8845250541575,280633178.170812,233898808.11592272,180.8229219506072,111027501.86547086,221.32642203477073,25.520066833496102,-5.608613385892241,-4.7149659431798705,36.55619293794216,1.2073269193556042,0.563923815966211,60.63213988043884,4.839072591898895,8.760249802637851,54.23874643874644,357.93274812518405,11.546064303717722,2.9670323093949107,9.938354340950063,4.151735090085956,473.88114414430487,42.27638686768553,5.2471750305484255,12.67210086550842,4.678165638727861,72.8909923428194,4.778841013799758
NGS0034,148.39120927211675,141.4213562373095,167.84021522159443,38032101898.39225,14.786771476586814,29.69243827675529,49.2534346961685,4664.945878396037,90.86482238769533,191.59806295399517,13779242.618644068,453367910.1646489,-0.4591655015945434,227.90621569075688,-232.25374760907977,66.55753593911878,0.2071096289631533,521352102.83290154,455.5831210516963,10225.604294375044,66.82878109918991,843.4887363942718,326.1222100662205,39631064.903005466,174.9995602420902,12384.663010871682,590.3634105960265,7796918.128725165,5.047091635122778,2427.733959465526,546.4731336186401,657.6225950897995,0.7837586500013318,-0.0295093764656151,105.04793168458056,0.9188681202648188,9.57693352900172,42.4093103131857,3.450379110555109,1.9541410779593935,15965.238832204115,24.84148689798452,0.0243433815301286,1409100.6862707136,0.7016237050722268,-1.9100967946014344,611.8749561680343,2.0040103720940463,25382814.125,19.542823017186468,36.3888493025592,0.9365234375,8140620.125,21.322834533725334,4.55442358564325,2074380.578872054,222.31415874583385,14.59254347050193,-0.3052471160888672,6.142577986697689,3.427135355632168,75.46242172116774,7.060712145496711,1.4749277407205066,1.2536890760678674,0.0039619153169481,-6.608729404796431,-2.178313351830642,-0.008073192024736,131.1651381523023,83.94981308908409,1.0033351708631018,381.7539958670867,12.795857265537329,81.1598760812659,1079.021892559398,-23.204237365566588,691.1336764075231,-5.038385391235352,802.4314959946272,20.753430774809996,743.1746118532641,860165468.4169959,375839353.4377946,441.2314591076225,51300535.16283186,266.277678810366,18.97745666503908,-87.14409631713225,0.40909322877945,-15.443344364542158,-2.834531545049872,-0.6544077469504033,75.8490204272889,10.366818889084565,25.450018586639295,85.2208369337119,190.64386155152923,-7.472959698674863,7.780922615891288,19.38168471343617,-0.5087934109764795,1481.9182572283282,23.485340785368244,11.78156561928646,26.493818741178753,8.056441010565607,223.1724017124524,5.834091837717706
NGS0290,157.33759884205253,154.7384890710776,152.41716636229373,41645168205.990685,12.5227280214945,69.04467751251013,64.70696660235905,5283.359910487446,71.63715362548828,234.26258992805757,14077857.866007194,454837176.5494604,-2.4616747856140138,203.53837986839824,-290.02191090272095,55.55564763745274,0.25375879332485,484156900.6642664,430.81787767546456,11786.471483771164,69.04714154831281,1034.9529455796771,339.0876641935072,71388850.41187051,443.6287774470447,4466.565298012239,372.27292263610315,13062552.01396848,47.490268064958805,4189.761498428486,378.8797595190381,341.1739615873551,1.749271323370147,0.3791877299099154,23.653454913891917,1.2590874859315904,-1.2093704110490104,17.95743552993175,-3.453012255778415,1.582734017787085,10526.028645833334,-6.058425266575109,-0.0119145273206805,2753.128263888889,1.1238683089910442,-1.4456122546254198,487.0840517241379,30.049141915007997,207089.5,36.4951694411415,10.772188925605748,11.641927083333334,49099.666666666664,25.700764493554548,-4.54742607317779,1212.6016448217215,173.34348355663823,14.211288027628328,-14.57313175201416,4.675160255378282,-0.1681820574879299,35.16448465678087,-2.3183661751540603,-3.9585041250048745,5.403073439978177,-2.6222814562249184,5.239790560852915,-0.1481105244354877,-0.0969335534540533,31.84234044652548,283.6518371365695,10.086259557438131,72.6825541642349,3.4501586214713313,88.58348001371354,1192.1867834563989,-26.79896151679555,1017.0596331890029,-2.8142800331115723,696.4390559094268,17.40215653158429,749.8553646004779,200620474.97057727,266435791.67777827,418.6983193527498,59793922.3224299,254.8426251958585,32.32096748352065,62.95238471463696,-17.084854876980803,-209.97351341454075,15.65463206597406,-3.420997768768831,159.33928060575815,5.3764948945764175,0.3397207088537486,18.1863580998782,0.3892666842051601,24.370707497091445,4.9005186031044365,9.71888961554915,7.1954427147321685,2298.893522737934,-41.7942047388302,60.58950210114378,7.077654702752615,3.552460876837332,1047.192074132597,5.447845802713002
NGS0032,147.22388934985432,145.67086187704115,210.49573159452152,40327014881.92557,13.76615599933295,70.19281505390556,4.203341770636656,4481.365647725679,116.88810729980467,163.23180076628353,7919973.211685824,474640060.0881226,-1.0598952054977413,202.5588425101145,-288.9624184568467,62.02450233142971,1.290559216092735,408273211.2395887,545.5382013398064,13278.303239395782,64.94906072314163,3146.5765109874487,284.90620543162436,26525990.847398844,8.935552958573199,2283.345502728581,519.8311567164179,9582173.257929103,1.561262593184479,973.8282949933092,495.28032786885245,2178.0349296663658,10.26859999106671,24.54268862072072,4.85248685779073,14.80868398352034,0.6501444993320423,4.967729635298429,-0.9366435244642748,11.783736807200064,463.2370098541277,-2.3252849047600246,-6.73853908265572,92.85898195688311,4.30032792979816,-0.6798207677176891,410.8948717948718,40.14387229816122,103006.80487804876,50.43738658777121,25.811232127997723,3.1279587736920256,122481.58878504673,45.62726030636571,1.6977888368228429,2549.4493010022843,212.46113719353156,7.998036383309443,-1.393975067138672,5.34081227770273,-3.0453672071515907,43.01338907631946,-0.3971412580955081,-4.825480525358195,11.880663759504133,-12.110825754421992,-1.421474983493325,-4.334996602595316,-4.5296662437948845,25.44707362258675,128.9458108935796,1.0565335864094882,445.7726432128055,3.4626142983151125,95.00210194231607,1260.843775791902,-26.226974882913048,577.9256501182033,-4.292376518249512,730.0362713709566,20.868718099308737,840.623994299482,302121400.12854666,233385132.2143981,415.8561837865825,22019650.805691853,175.46663348610224,74.20989608764648,-365.02860336949624,3.1201787439871023,-450.04603975963255,67.97887751132303,-12.362081526059178,95.02379674747914,10.941251993614204,1.8311538659880475,41.2112676056338,5.0806150915640345,-10.340804572893918,20.615454173102943,11.817227916719418,-4.587504512858784,2939.408024780526,101.83758174929768,193.0383412779103,11.460500199099766,7.4338365000451505,850.840047117057,5.895704482958639
NGS0433,150.67195445900705,145.98630072715727,141.2600519453582,32252063631.48952,10.318657884592632,51.274958001635966,24.9010166783412,6564.828517417255,71.43757629394531,169.4304932735426,16842391.09118087,374234699.13602394,-1.457090103626251,139.3333772481952,-234.64348693312851,61.74838009218493,0.8135077980238016,438430357.3587089,336.3763022977549,6867.640683872438,68.74293754413048,1102.8532533786454,216.77891034025313,784301089.7647059,102.47402429802878,7176.953342938241,725.707122774133,5167515.341143393,178.46850414264452,10822.656549243064,626.7818584070797,178.01354763545476,1.3688489256952854,-0.1466668948513967,33.36310908431679,0.6458609825282386,-0.0207769948099249,104.61877194677076,-4.624257793788949,1.078145459721629,929811.2142857144,-0.9653971716219124,-0.0185991493469319,311278.22685185185,0.9310053209082508,-0.3717967467278301,524.787105149286,55.42945670087061,4239408.8,27.70441668830857,10.997275284423065,5.690828402366865,579506.6730769231,22.578298920241707,-8.459630176931825,47670.0150925926,178.85049554846296,37.78573497320144,-0.7335347056388855,1.500639813787498,9.609795399462833,139.55138858097823,4.235274808109335,1.0514907403044658,1.276711419149391,-0.0046536055324114,-2.374157611763944,-1.695508889047516,0.0034115961232251,61.37149767918723,114.5977108798611,1.0337849020085466,298.74158050619604,5.65690651330922,107.52945441816698,1072.054020749246,-40.88801930088977,985.9482553528944,-3.471683979034424,607.2839214001546,16.085139387284816,693.5457099601734,237181136.2851676,192265999.53850323,491.94973398706014,41690468.674193546,102.47489402747723,37.0274421691895,-47.11748515681826,1.0534763257060669,-35.166133463568336,9.744666678284029,-1.6939356534551977,122.50944677392854,3.203707098429052,14.029398574146006,67.1182597009911,88.84820632141125,-3.088051847644199,3.3541013264210844,29.676562252953396,-4.404983302698344,2144.382530059251,5.129164783379492,5.154689873229523,17.9695268884051,2.818570978914152,109.2104968985441,5.9080510980273075
NGS0291,164.0965438484189,159.26079241294764,165.13159648647758,45230578218.80665,12.328778359030832,61.7277942350542,81.48581475766868,5145.456159585351,103.38013458251952,213.87315634218288,15977203.58013766,721783959.4513274,-0.5051378965377806,241.8037768237385,-260.1191787376582,68.44855245875328,1.741364514540694,682642708.5780691,817.115326824505,5381.496195837064,64.34619999259053,3342.607132889479,369.6804327421815,32918745.767942585,196.2316470310879,3026.660308312497,599.5019245573518,14977339.093533488,2.9328111966440877,1851.3693727192656,597.7440100882724,1188.351028856037,1.970559233968021,-0.0812143538756673,9.115202137751494,8.374341885726809,2.661074864601935,4.696762972232444,0.7591795838702191,9.967509593716498,1680.1786478022202,7.565530581807907,0.4031288914824981,64171.522517957164,2.2854615254581225,-1.953108316101637,600.3297575627548,0.4432478965883754,1242119.9661016949,34.80381760651742,25.711648344359016,2.820210428951324,435372.4516129032,32.80859523684856,2.167578388925459,10782.506738414117,185.71998781230957,5.795762634122602,-0.3241389244794845,9.355246190648725,1.2496655735764397,56.76709149907909,5.515061384320095,-3.5160424120754428,4.6599015897207625,-3.8803270956114777,-5.091876249851617,-7.8609544891767635,-0.3048243564107434,38.33213596721287,169.85453209426413,1.0287601037580705,365.47983837815434,11.005944972521489,85.49555758695175,1122.9935616771525,-37.37401505896357,1070.127053441464,-4.584947109222412,803.0908512026361,16.08078018930328,861.1370565477652,337839178.8713997,254354474.84307516,1360.0466620393445,57848038.189075634,214.43721790808564,35.18861351013183,-261.11570001601666,1.0970617145693804,-46.2006235184247,64.5292204195773,-2.2626705417384856,107.17646210584326,4.996819320750177,5.683339879359708,74.14868982327849,28.18195228692522,-2.7129335153863825,3.6467944184232506,13.993741007164472,2.154440836993028,1269.1755118966914,14.49015166939092,30.779749711070945,17.27084516719348,5.596095758997845,133.44324952069164,5.810975421833225
NGS0427,149.9769796505233,139.71399357258383,139.22303703017494,33190081068.67342,9.58918042312722,67.14420418609637,77.22398352562773,24431.562923491823,107.7695770263672,184.47921225382933,12228536.772428883,554680347.0175055,-0.5813601434230804,193.5192072585606,-245.83265525727583,63.31317497775181,-0.4053409535125777,437174522.0112486,339.51198332643975,11254.727295360695,69.25738295640608,1093.2281970733663,240.9395330106712,250524440.4695652,1372.9044464077297,4561.44498935065,364.6966677047649,8039071.210214886,26513.251511704744,5427.608393751978,385.8358556461002,278.56617492615237,1.1729668850727917,0.2014182272635576,34.48165145565037,2.3835604585450234,4.770050218570977,19.34510839713613,1.0605555445540835,1.2444658159859543,243213.5023929887,-3.414473834003587,-0.099593034713545,84515.65712537109,1.0039149874396225,0.1034087418287367,465.0584626873633,16.49835005744226,5709350.934426229,22.32641505495025,5.040789930366611,7.079952495245373,242099.7060518732,28.02959952008736,-0.540008660807462,8165.628381969815,160.4370334307043,13.056748045609076,-0.9903748393058768,4.04666588765597,3.0763787919270222,75.97449801785687,1.0573167758502189,1.8154237032732312,3.634115175444813,-1.85838278578697,-4.241289775705137,-3.616355122073808,-0.2821894956904491,57.79815936612703,83.42000751514914,1.035269927865027,410.94299637548875,1.9164036457717115,81.6923875907888,996.6621645777908,-35.65314631341579,712.333712696004,-5.0698535442352295,478.510224834942,17.016321801774712,730.9798581323529,264205931.33442563,363004476.7945824,2670.6762878510945,52897362.69070209,159.3571530325671,31.821839523315447,-18.937755602096615,1.7166061850603096,-67.39726314884011,3.716418712886264,-0.8213634904706235,81.3327799099479,6.187844187184298,8.92004378299894,61.312236286919834,134.26730974483897,-7.257714965151902,5.543321736619142,12.854921799127048,-3.499268298614268,1181.1245044240234,10.399818129977412,1.381148761637098,21.20499380452184,6.900505141672878,258.78504721261606,6.3250591391418425
NGS0043,157.53556166909226,161.50541786577935,137.98814076185147,39267629306.07314,16.814115550751545,24.934091545720573,18.388395320092524,31061.046936246006,72.6415786743164,191.34454912516824,22508146.742934052,1012085194.6648722,-0.3592961579561233,156.93888841296865,-206.71983822030344,68.35830129673761,-0.2461628850484114,696465695.3481481,455.9178151344035,4570.911451822145,57.33734936897841,1224.0701872241011,273.42673438493443,356960086.62608695,64.20889710166092,3173.418749638077,401.3801652892562,17396704.668503214,21.957141731507303,3166.2543526898703,395.6572557876906,894.0966987376464,0.9711564393726432,0.350524408178981,107.28902382198152,0.6864855451924904,8.891900596816736,23.634783019190586,1.6856461951170718,0.8323107042075446,182342.96913580247,2.134201686375153,-0.0154479584610408,34947.45244592709,1.0910717184273775,1.830842181712668,366.08625921109666,11.812617094490609,2658818.5,28.10667745909671,7.679646348505505,0.8732897085068413,275041.0731707317,35.52025827885299,2.538130227666807,348142.36160714284,218.27763272410792,4.821821025233673,-0.306862324476242,6.155714447262679,2.5846047067537667,53.96706355552023,5.5135821727959,-3.4159265207616554,10.054906506722816,8.856267605828778,2.036303236278543,-4.404311172438087,-0.1753255159775801,54.483201351788445,50.12575957047661,3.998398127098445,231.0282447270636,2.7222393987261873,88.29256216015472,780.6483803696223,-24.5580058317423,956.9086805920016,-4.790048837661743,453.81391600336127,15.371482831286103,536.8846733610134,309127658.7233834,350890629.7989014,115.68974544431424,168243574.90456432,197.23591511790727,30.05913352966309,-23.000950621598275,1.9591378298663695,-55.73203688290835,18.040712639228012,-0.7642190959540862,71.21345316747903,5.8729225919135235,25.561695679522224,60.09660574412533,109.02318373331524,-2.5036562742475743,6.770399620650698,11.112333313673153,-2.86143459986022,596.0630594882823,-2.4610931913316003,16.50142173909322,9.272189413154477,5.128631995890152,48.59576879988498,4.896925349168235
NGS0271,156.19510822950787,153.06207890917986,191.0558870310717,46038976983.672295,9.890437743774465,45.345432241066575,100.75694249099396,5179.628596374418,95.03514862060548,166.74269005847952,13103462.454191033,423683381.8352826,-3.5309179782867424,183.52847103116267,-237.4650843526137,69.28484872130944,-0.040896110635319,878036983.3906521,557.6492409938389,7370.631935827345,65.51966083699158,151.6423776596145,21.43124249067019,16126272.721998388,256.6269040546178,2207.316104845791,558.3035633739287,15081189.208840776,1.2383034947482685,949.5282658833978,656.6286738351255,533.9621674590938,1.9120090057623056,0.0189073027554529,23.666472371742845,4.242830872207223,4.485295166160242,11.242984247515516,1.2153623409273142,5.472678698318903,7940.517266930535,15.823202030698573,0.0977656491426326,149660.17194605942,1.3501614538926463,-0.3752084187911902,338.7974807786684,122.5083082741631,24871781.333333332,22.249798033218596,34.400813638584516,1.44455451314026,1542175.641221374,32.927094982274504,2.45017331141005,111343.49721600467,225.0423330837814,5.314835716555541,-0.7865892767906189,11.06326758036034,1.7790737689246363,59.71918030429595,6.699791335966488,-5.827312618078015,3.1517966029383855,0.6742527624494804,-5.830819673663802,3.239517221871131,-0.0038225512804621,44.01424949660815,104.75266665755176,3.2191167150231967,411.6176094558541,3.560899665376493,109.18099655996888,1362.163946790807,-14.980662800574212,1187.84115919465,-6.595745801925659,688.9380637221758,16.750887185006288,821.7817880954069,220336456.0231845,330790272.7654536,2033.1254991964045,36087718.746553555,123.71678369123016,59.44881629943848,-337.54606979213327,0.8392794994539028,-113.18784738556094,77.32782949727576,-22.923203026992844,175.83132083907685,4.432420207949712,8.965120674279534,68.52004355815694,29.21951380986056,-1.6346996523780135,3.6219814864760287,12.433803743219991,0.6179290611640805,1487.325744434625,6.9589061411510595,-0.14850975814563,16.056927594522424,3.1038704824548153,127.30046329714972,5.446818756270033
NGS0285,145.11426957889913,148.43180252223578,221.1117809455004,47391879845.96274,10.28863616659899,143.58958714675606,15.88012486445073,8066.308405029795,103.62232971191406,239.336690647482,7537617.471942446,444681844.53884894,-4.52487196922302,266.76953740131916,-356.9026594137882,79.07436433529803,0.530282826049384,658714226.7974683,647.3423785267963,12102.38721041452,70.04739201057083,521.8798176847092,81.62364121907225,11377048.770155232,24.711342023385,5035.920434324376,501.8776296296296,6864162.781037037,8.881422316771205,2991.506437496553,465.7969620253165,422.5927971044851,3.0032289674935133,-0.2379738002686615,9.11368098175065,1.2317380094782953,-0.500423373518009,8.821526344469925,1.8353148563862365,2.2019471716239067,7952.166666666667,0.6962498001783225,-0.0847566144075707,13125.388888888889,1.4872085736641412,0.075440706119568,187.3932107496464,12.704834626128395,96619.0,36.297197753721626,11.813518707943444,1.2871972318339098,227636.17647058825,21.937864559896557,3.982723692591239,37606.35022727273,190.85202863961817,13.568079271400904,-0.904212236404419,2.1316958362597895,-5.560656080221358,128.7796191351132,-6.64284456893391,1.9064920958568905,2.844092815610674,1.745410344857242,0.0219891814185559,-2.047789377517898,-0.0029023748433193,143.0885171769613,115.50371701738553,1.0087421442173383,395.7776025717788,3.924398742159416,133.34274774621662,1368.7344963538185,-30.39863112137201,1044.0142547125654,-5.522936820983887,620.7384725848207,16.144042564688508,722.2896997405303,265052834.2422631,286558315.89280796,7177.032921570844,64147472.849438205,88.19405847401045,110.72315368652345,-7.430799827999043,8.706737861134487,-10.501551023481069,7.633104529537627,1.120669656384489,96.05689534330588,3.912553199590437,1.83280812674142,36.44534606205251,91.84876030111732,-5.913209661542658,4.303640445295593,6.9641302442027335,-1.695657299519946,339.3951223688485,3.476501400698491,10.455231040467169,13.886765584968089,6.068701277412601,17.2324647110521,5.318441669764009
NGS0282,138.7290448751521,153.3101431738944,203.505458890399,42642141959.902054,12.930863103661874,47.550115704246934,9.03487634401178,5048.028016176299,120.77400207519533,149.64887940234792,10404313.362860192,467371032.55602986,-0.7126667022705077,205.17402824187724,-308.2243197216993,70.68387786940329,0.1571351404619135,628522468.6011904,563.0338589167275,13147.5492479496,64.66983827149517,43.489406367147886,18.028627464484433,16546269.255733944,9.152402021495533,2101.751748474454,442.2189740761169,14264449.984004412,1.6140512734264765,3176.994286955227,308.2305986696231,1850.5799734528669,1.5157422761219332,-0.015688910888617,22.846487950427207,5.406084519863501,4.323765244229848,8.121151346349908,1.1116853157702158,2.030591074852008,199375.76686695777,6.060063053777086,9.256500060936906,373.15268942931687,1.748123200037807,0.6499562445232075,600.9787530036676,134.461361849808,12488322.2,21.094530544620547,27.631414925986107,1.256280991735537,595473.990909091,35.4762706172431,1.7126208550757755,122294.65089834516,186.11039657020365,3.315876348714659,-0.4638391137123108,7.581360201780293,4.664484417250093,19.060735119153183,0.3909635490164593,0.4974545029809585,24.028119145091093,7.0206329248772725,0.4261267382952992,1.6570444384628793,11.323360935364626,26.873468962698297,109.52471460673132,1.0087450435759806,438.1720927683128,12.149392077029177,113.61863779387808,1121.6655924519478,-33.829586631579524,942.5028716975478,-7.039416790008545,535.0229596872215,22.440936921441494,754.0224457150109,174795388.5647001,314561554.7314506,1055.329694449558,201321420.6102941,267.2226974800392,26.56596946716309,4.3356535482428225,-0.598425865308123,-0.1981790123601666,-0.4853433641112409,-6.4471684757725445,86.75204295419678,5.206867953460012,4.669146370866409,59.244611170656185,112.5570465541566,-5.6881651926643295,5.330774228255533,12.048354384452754,-12.077484244702507,733.5378947938168,20.856783687700823,84.04642149553362,12.564111747354133,7.790339708198319,41.36930017586467,4.818665982274831
NGS0021,143.22278462833734,157.70859202973057,143.17168395116744,32377871549.970463,12.541743337725087,49.02287440750626,64.26287626699539,4550.81708988236,70.79109954833984,174.0525,13127371.875,589685172.05875,-1.8981006145477295,189.5256052510699,-267.46482301408315,67.98849533037263,0.2191084065263415,429255553.93501806,429.0588959487543,4830.230002208554,66.5556802174755,1069.473568655936,222.92726613622577,883309403.0666667,674.5092882111313,7637.571264113751,736.6492234169654,4820185.830824372,427.238948214557,16064.39620642984,467.350242161611,293.57313554470045,1.1570777693110048,0.0112431607330243,38.25698238689179,2.220979879612512,5.712415126194806,15.735180431877204,1.0653522773368296,1.083768771214777,297181.60739898984,-1.2132525487229855,-0.0170474931433697,281381.737962963,0.8276350016990165,-3.4220364900248477,562.0624218305855,144.22258982989968,11027687.57142857,19.394587665933763,14.511025451560316,0.972318339100346,1014479.4705882352,16.456073316991343,2.8291580707382455,64094.41016260162,155.28378833838894,7.795189743748604,-0.4618664622306823,2.659911578075598,3.561335687442203,59.36877583227961,4.451954457032681,-0.9471452362116214,2.3138795813206334,0.3102499952068018,-1.8268553165272663,2.78711067620003,-0.0001461730237352,36.78788087010588,65.13448670115146,1.0031225519843685,310.21805213964586,4.732980801786986,99.13736111264797,997.9531202569937,-45.061392607883825,661.256163062939,-2.3019696474075317,594.9216073598914,22.16911380868344,373.7249708924282,173477190.34513876,361899162.3698775,5011.86379909041,70487730.52197802,131.6445044741599,37.21734848022462,-71.16726447325803,2.527003858102616,-89.9502285689881,4.782002956320315,-0.2846868075075746,99.00949159381469,5.621181108664013,10.272166105591134,49.110212335692616,75.82880383615772,-0.1416744490690532,4.330729174624861,29.42662188793576,0.3368252742851326,1058.3028806882764,3.189360990060964,2.1499179016674654,18.60080407876256,4.936873300959626,114.78091785178589,3.71898355578458
NGS0489,140.80294366499453,158.15182578775372,143.99962256597414,33746459742.26972,13.03884961607935,46.26270253416848,4.0850872440051536,4543.937095582782,71.32328796386719,186.28,13417635.852941176,435639513.5847059,-5.188566207885742,176.61490236108577,-271.1818661293805,67.91352544455908,0.2519781200163801,652625339.24588,434.0628154645416,4243.903108721206,64.75848693376116,1120.8925654430336,225.6601986969636,1906275591.8,10.88086566795705,16807.838548798678,458.1310623556582,5107499.315531177,555.6341465341916,8773.661245460507,511.5807940904894,295.93219276706344,0.8133570953562979,0.0,263.01151793991636,0.3201662974710952,12.437293747423674,87.78981425752771,2.431078351266836,0.7103584509305295,156048.7685185185,0.2733393181924979,0.0253062099653662,138134.125,0.7003569558042145,-0.0071499654112708,495.8907766990291,38.83864101032678,2715904.0,31.712107644452825,15.860445884886737,0.25,3688328.5,11.79683122216489,4.7286077652704135,219565.41049382716,181.4284136915716,10.284244996525358,-0.3334785342216492,2.9485069922801395,5.722103461372086,76.52640646775116,6.469712430798581,-6.39157480439518,2.301522658486734,0.9107985634161182,1.0772658719118342,-3.078973295038771,-0.0230719941643957,153.9280232718706,12.341369252076662,1.0,551.1524506542619,1.3939400891228633,85.5254669783022,1217.5238693788513,-38.12614982900042,909.0210386025036,-3.559518337249756,563.6454944703048,20.558566137099067,1130.4195658719907,242954925.16612196,283239672.51268363,606.9447633861207,33693289.96723301,261.7462223387532,10.299324703216552,-57.340215665863305,-3.4339501459355963,-33.75588605648941,11.452051514054205,-0.8259000539512371,66.71813701897378,10.273349111696175,10.2591055654131,55.31873389768126,112.40397437513248,0.6204037458351706,4.680026508691513,16.799489153440913,-0.3889925525476944,651.039561722618,162.6378152916203,0.0099686201520507,19.043778586899585,10.106216396749796,54.43265322626371,4.598531834217303
NGS0480,158.62388627152967,152.2366578718805,174.84600163609454,43087982935.34614,9.808055113387146,47.39171753829415,38.55996537059211,19984.606161110365,95.41087341308594,268.1710407239819,12308272.605429864,718983062.9104072,-1.128138494491577,166.6947075491637,-285.63252581715716,82.98605318606727,2.547364484583257,645883084.8073022,557.2350145307524,11366.134689796529,66.56083327666185,2872.0676357442117,338.39829569362917,30000871.698230088,81.51269454618782,2201.7789897622974,551.2580046403713,15393000.509048725,0.8599267209886914,1591.5838150041288,589.5167923235092,529.9781735689014,1.6473789179972005,0.312663831759615,39.65655636357448,0.8930110629067749,5.252732878816231,13.107140129803533,1.2182344648312429,0.9395724986379544,50928.75,0.8948702715292945,0.0378104345999677,83776.64285714286,0.7692826458379335,-0.0346071529501189,464.58751696065127,7.12495645046655,287648.6666666667,32.810926249473,13.215021393059931,2.823110004526935,144280.74468085106,38.7997803350628,0.2534177744882155,17981.317664141414,225.91948546927108,9.254011004523708,-0.770548939704895,1.8526115491602928,4.805067959612815,57.04040804252815,6.5145410733462565,0.6055330102367875,3.3963807428727955,-1.153901163175176,0.7156241323743798,-11.074977531410768,-1.0031929822133765,64.47353325117959,282.8590002892143,1.0482964480911166,316.34009397515246,7.893467070567516,119.31577189984364,909.011789376942,-28.305283706188064,1530.6294088425236,-5.507279396057129,567.2372690280388,16.719263987250375,665.5475917378955,231996159.0112809,270738658.2317133,114.09138535922254,120215608.23426571,238.35798582514832,17.101251220703134,-2.5511546337749924,0.3881499407166099,14.797468321880846,0.4832195890414344,-2.1170918913841703,67.55619854860234,8.037295884712366,5.447821074828087,62.78037160552644,16.46595430503273,2.4085915941406055,3.2589959765073777,19.100668485085222,-0.3921063906028466,1721.8951413978564,44.24610865307453,22.151513659375325,11.017026333405346,5.451908007323791,441.6920881484223,7.222203840744951
NGS0028,147.93586728406362,149.34523762075577,195.0443656886867,39521776086.73496,1.6084741306861787,83.21564093236812,147.66586998583892,11488.627707918644,147.5543212890625,160.39717083786724,9859994.571273124,444646866.1120784,-0.9391477108001708,194.12115181101353,-272.7068712302538,71.8843901902173,0.9216250426939008,543303889.3383758,550.4071638304735,12762.677592366965,65.86162780135308,400.251013304427,27.13106616846138,14031575.100743188,1029.17979754582,5435.412919756165,396.1776927282668,11196323.440677969,34582.65972203288,8618.711998593079,434.7098930481283,1483.8416786256232,2.977648300218226,-30.824343568180907,116.34910224247427,2.447476450069663,9.054194193226332,80.52048869246914,3.0053264226238414,1.6821225819721877,26009.861541848404,0.936833412608343,1.0877086692622833,8549.30292349597,1.288378125757237,2.1391241833072616,604.3859701492537,0.0440856169540499,1815844.2083333333,25.87304219202495,17.777649728992035,5.240536988842794,738565.7918781725,41.90436116790784,2.26966571619295,29410.93132918136,206.6807258807684,4.622871186812469,-0.6515878081321715,13.190148530541766,2.7953387829639422,57.50735980598553,-0.5717947839610638,-3.991241622120666,14.425400373347491,17.94640452741971,0.8801027016447086,-2.137564353194689,-0.6065407089736168,37.97486534742229,170.10322259991415,8.743841481199157,276.502626468186,9.70084464956231,100.55459852950564,1080.3258435618218,-28.79273732078239,918.9953747404192,-5.120954513549805,665.1277427845765,15.266921991289305,831.8521306995302,269586082.9059365,345691461.3269272,475.52051762754434,48261949.60117878,230.07859979278015,28.44947052001953,-54.38381198881487,1.9537391381858804,-60.48414152846611,6.681137668086982,-4.214016486585647,100.95592890123312,5.309324711943687,6.618079567966636,47.2598709860353,187.0624503492448,-4.273651631345796,4.830611913943087,13.81402598274098,0.135965288893231,1333.8467113542777,24.32504502864986,33.86875771853984,11.18765884711309,4.973546758494424,131.214425896538,5.528278966627728
NGS0073,150.16667170898674,155.8589105569521,187.39792168576537,42190804574.26274,10.087378831093211,47.84323937606853,4.13763884931112,4626.834155144006,99.99546813964844,182.16829533116177,12137939.039087947,393016570.51574373,-1.2611761569976805,214.58127071019865,-223.26470813162712,92.30728331782947,2.525678482666921,542941048.1132324,559.7273966566809,15305.117331263247,61.31328947432017,434.0551533991403,270.58965009832957,43800378.3198052,4.099603412999583,2228.136762040102,490.5956644674835,13450935.453817151,1.0280363708101703,2280.1741747102783,357.5871029836381,520.2479064603178,1.3673564885853833,0.3153030564892305,32.92878966335929,2.844315032636259,4.842800685399977,13.412725891362063,1.2283559821655066,2.329041711177631,11797.23807107702,4.471319534875121,0.0126998885710286,285820.6717481182,0.9980795661104576,-1.1556340019258875,538.9361622230567,20.53167281961695,1258616.181818182,35.31696934768597,35.97848331294264,0.9926951172625912,1338797.568627451,32.07583859774925,2.7006754079932787,229689.7817261905,253.40587260241537,5.802358924907954,-0.4847648739814758,8.751907625841316,3.0917772809558066,63.861351156331665,5.132950986223944,-2.4575655601223447,2.842490562812326,0.565176802130693,-5.788694818808917,1.7937478237477371,-0.00195810669538,43.62278342074833,90.01479872445444,1.744082687474822,408.5781710557349,12.268761431037218,117.04617517025844,981.8251959999936,-29.16579582842452,1088.190975968612,-4.577775955200195,525.111859097228,17.199618553795695,682.2940343667478,251320842.91201693,235541271.22286615,1002.3966567214298,70024045.96941176,187.5266109326759,19.01826858520508,-24.125179736961744,0.706520824347443,-6.969005038237821,0.7838614402997787,-0.1331476452380617,86.49896261743294,4.020201806705388,54.2499111088469,74.38527113426474,278.7877746444624,6.019946126637373,2.8990251460050267,13.700473070888943,0.8351148091776412,382.32980906863816,20.424484899665433,0.2615608169682796,15.58101865271097,3.630365169827965,73.18909447782562,3.9181566695387007
NGS0277,158.36714114081047,147.36349615830918,140.44516937357002,36365084716.71434,17.804944347711867,18.749582768849976,3.803095957719445,9490.332489550548,66.53713989257812,141.51245551601423,25375950.734875444,559202538.0587189,-1.7092753171920774,148.9128133501589,-208.79093538457948,83.46782377253388,2.255386622689359,665257456.1243817,353.079500298461,17869.610902392913,55.43763061878279,1170.724076466392,253.8874939969743,663620466.7884616,9.206761147845809,2747.2197554708223,325.7479674796748,21635535.51693767,22.891135459224135,14087.927546719451,644.9149888143177,848.7342660614293,1.098140743183216,-0.3245876200481828,35.625801295037505,2.191311418746994,5.196628107583472,15.229559887923935,0.7754041177443028,3.425459077921428,2371.0146945962397,12.73652085230445,0.0448533741531386,10080.060331627035,1.2096587625646682,1.544799350387642,517.053751077896,18.34950189884037,1142864.9473684211,30.9444460463764,19.553757552224447,3.1253462603878113,730624.3070175438,36.83336293615049,3.2163240687258825,96618.5509963768,221.4688013930541,9.590248173648112,-7.544580078125,3.9065666587143584,-0.6268701453884782,121.3599819895976,9.230986035806623,-9.320519403504312,2.667816182084405,0.0453486108461585,2.079342015767152,-7.508729945738717,-0.0450146323819732,93.4371889682529,60.80142662065785,1.0012378713400167,503.84907803083064,7.793172867891136,78.86863130418095,982.834096618016,-30.96773037377886,871.3270662340141,-4.108069896697998,665.9210372764826,16.60051933355029,664.4081832526646,326379514.79810154,233443994.66746828,177.60081097423924,48686163.88626292,132.04545215129394,56.91216888427734,-107.13400785457247,0.6901354715399437,-0.0923907825458798,-4.096704960118716,-1.130394513951972,104.0691576695236,5.081636872367485,4.828804290141882,50.13204991777111,53.696656317304246,-1.845619731489632,4.911410709053887,14.584588160219315,0.1476005394753101,2550.6691255166143,12.176652164597062,23.596002660293177,13.616139467592568,4.199451722591232,173.80050258799434,5.988146672435528
NGS0283,163.5733721864487,156.1793840428371,164.7932934818876,48261573574.36671,10.779570891741304,36.87029717565417,25.166301968719633,5386.409923559959,83.17543029785156,281.3726235741445,18249303.2243346,814432260.2804183,-0.5823075532913208,161.4864496345956,-231.15158381712695,77.7401714002299,1.0305245758328272,1059423502.9305112,355.686991475635,5725.134532575262,61.36089747260938,3923.748972455503,386.959387561791,45483431.86463299,36.15718688287536,2365.8856517896697,642.433290978399,19481331.253706057,0.9933952260163814,2902.9551014678664,430.4959481361426,465.55306193588984,7.343051398466635,13.257235235489746,5.138776675744966,16.168200995522202,-0.0617373841301341,5.097087492262308,-0.946833120480156,4.0690391110847255,1462.288988851096,0.1883654493727143,0.8765871892103207,9801.556194912248,1.8084413591986004,2.698483350956435,374.6857798165138,3.2258861601867843,38164.42857142857,32.77878414064473,20.405086519250453,1.2596371882086168,128159.83333333331,37.78509838587663,1.96636602854578,4909.131933763844,196.68571428571428,4.106193939403493,-0.6486833631992338,3.7883128514590183,2.61149507919521,28.41137454263096,1.8202595423918475,3.0604584697960533,5.130754281669712,1.3386848110660143,-7.790898524423241,-6.614053443191053,-0.8088056472489421,26.40312086508879,90.29499339973816,1.0321687326771285,370.1856756731648,7.1139229239481185,88.15814127914146,881.157906037916,-26.08446164971976,1031.586688410967,-4.196752071380615,474.67254991432907,21.38581559795793,592.6329008535981,355174512.2596888,505077465.6979263,319.8506410125758,159849246.04013377,216.7023510983142,29.404126548767113,-13.091300566238209,-0.7300822323766255,-87.68596305429985,1.2108211695383415,0.3202247941140023,68.60376405026955,11.120692699031702,8.886310584809602,50.19300291545189,44.79486507141656,4.471457364103885,11.597787586566357,23.477925365914295,2.6095550698323775,1422.4488153052175,-5.669180103799553,-4.022738457780963,48.98263854579861,7.946725353060696,81.9729537294995,5.571029233792684
NGS0419,157.724526328888,163.22989922192565,141.29409371089778,38235588668.834435,10.627225138422665,43.53272493913053,63.806253591854755,7192.152032172967,73.98782348632812,167.29027962716378,21028924.350199733,689943768.2130493,-0.6248140573501587,171.21898524610043,-236.4122368440311,81.02471437490391,1.191883365172094,683662919.2178478,430.2851075674055,7613.118228574331,65.1580516513154,1221.5217896352349,243.5076055569966,2091945247.5,790.257503642527,8687.569989274267,713.1246370337279,6944644.813714541,824.3386857541101,17375.251828770088,760.894596651446,224.15671332426277,1.3910301538946008,-0.1135867536918856,7.495881776523589,5.726976864006301,2.229478714121114,3.347120361274151,0.4075171975830924,9.825797216836872,1276.130257580459,6.22611706816383,0.0763409175727781,11485.804819389468,6.1058779277213135,2.186630366069258,570.0850530376085,9.232204400882852,1659600.8125,25.20447942985152,10.896849046504828,3.2422593357102643,211161.9315068493,24.263582293968305,1.9182779619490808,21326.02957264957,150.6483784442819,4.306439355741234,-0.4936982095241546,11.262956198411452,-1.2370629114037917,17.022117585770605,3.3644337236445088,-3.6026319991530253,8.02509185949306,-2.1743316713572822,2.1962289365750896,-3.656317859827184,-1.4935706372720765,19.12872931649541,56.81907240548341,3.993325960385661,172.48807572979368,4.4733264784160855,81.38608809074515,903.9405868107882,-37.87729992585616,948.104031015458,-3.7222392559051514,522.0095557384441,26.965728959438124,555.3274946934845,286721777.59487695,307009512.7630268,310.2391378367588,78246916.43562232,129.3277926737043,60.59982147216801,-686.1211601853212,4.634044760408916,-109.35035311830949,21.014948270383016,-13.594085784101042,93.69888710355356,4.217949783398808,1.8112778176185804,35.39063643013899,13.7979677128016,-20.517939651776917,3.4101128887515255,11.23478670585446,-3.548178728828585,1314.464292874047,-23.611990691308435,16.909793037315644,6.981735353453113,5.744873585613992,114.63010614806846,6.6793506156404305
NGS0284,162.36029476357004,164.30459518832697,154.01984513857676,50683850569.22771,12.98686942412964,67.25048966616303,124.6470206328662,22047.37338600455,138.18399047851562,313.39972991222146,15323472.5867657,898578194.8939905,-2.8255025863647445,206.446102632761,-247.5901005428341,77.87745894745238,1.1213776713298251,791649883.752775,1127.6162133310172,9991.81829599573,63.92985181469148,3931.042593368375,406.7688685682811,41031083.27713459,827.2990384683428,7572.130059544546,707.0847201210288,10341157.30257186,233.94241862174812,1679.2963217838765,682.652025586354,3487.766654396032,2.360286833511518,1.211882284789523,108.66936478950994,0.8982504173119086,-7.930515543080411,39.43228678673087,-2.3136726470551197,1.4350088971574817,50032.65400589924,-9.316762869067029,-0.509670755272719,29201.54062581158,1.2154123610891268,-4.8865050575122195,588.5093765838824,17.38791839442788,779881.6885245901,44.94038104373564,23.952517074597377,0.0103081597222222,1153176.0,27.88884522310204,0.1534364323691162,1148140.2844827587,262.6399853130163,2.6921823713201096,-0.7932488203048706,0.9245377799690286,0.3691023072023727,38.741408451706334,0.9274423306165108,-0.0083912378669237,1.0949272213490344,-0.017023291019728,0.0697451416484288,-0.1468037535267143,0.0024322729839963,1.6545090640693416,33.68489070169133,1.0,346.23270685207194,11.434359796753636,159.45294450994254,742.2855673241953,-31.181891591870563,1882.6398090010152,-4.094402313232422,256.180926062015,8.660095046132604,426.344656879064,241454352.40633324,349140868.4676267,24.13092380133301,1656470101.2285714,79.00484439904511,49.34580535888673,7.348343617255276,0.0623804900051919,-13.014549978637804,0.3323079494433377,-0.3369663251855971,223.70581758230983,1.613298617878871,110.9875229273342,50.285478244905455,176.32592966507823,2.347436715743592,2.422579830796249,6.720133720129635,2.642366455477256,312.04926372743955,-0.2623062964435352,-0.5209512889650381,9.266203573456266,1.6296429542384214,137.85569563069524,6.430355483582504
NGS0486,153.33413544712627,161.78998732925348,129.03173430744957,37130098711.86946,11.6725287469681,46.08431357646698,64.42857802349569,5060.9447239146875,109.27554321289062,153.6027742749054,20585421.75031526,672415472.0466583,-1.912217605113983,184.22055435078985,-264.32184194900725,88.95482418667471,1.8787801544322007,602746703.2663683,343.1727665127994,5202.783276548275,62.461302876297566,1240.8460360554827,246.96550133952013,6606005296.0,2155.124236727191,26770.176612538864,357.2970760233918,5819170.919298246,32854.81118269059,24767.89151342396,451.4126719466444,255.1239048322898,1.4508764292078862,0.0209311948740094,114.8914655799658,0.6811467862438698,4.20920169951104,57.85742630164516,2.409931428059361,0.9198995583811982,414571.8844261086,-0.4370898980054247,-0.002549877737938,469680.6067550505,0.7975081873852385,-4.5610507795954245,610.4058214109522,13.550545163862964,1322489.341614907,41.744763891704714,20.88830071958523,2.870838998289548,1217725.1920529802,22.331596300117173,1.8247547377091913,52970.23241885474,176.41745894554884,11.213134970450248,-0.7505634725093842,5.103596925393474,3.632710849132025,64.94275085759126,4.889722667277398,-6.575466629222875,2.1487498652727486,-0.4951378546265855,-2.178120320879935,-4.045900242006635,-0.0275009536656514,47.523376997254275,97.15994503938754,4.015683079666425,160.72483182955463,8.098828010519515,86.47830114177006,796.5064322154456,-17.349594821925752,1005.3833936469642,-3.833168148994446,405.23549443523416,13.997685303014496,466.1208752523151,213948732.59336305,199173156.7728876,98.11393610711713,124782519.39158577,60.033655262557645,53.113419723510745,5.744409046158163,0.8512736007386843,-22.075091547107455,0.207437926459155,-0.1551563216197073,114.20645532910714,3.354246526483747,6.170462484747488,42.22846441947566,91.12875114786972,-10.411796138329672,5.419167493740144,14.11412315649045,1.606253758470643,1064.110379195522,39.709278940752526,4.6833869514313955,12.895324786279351,3.670463987839452,107.48232027431956,5.533570736807848
NGS0481,154.7272587951291,155.7562197795003,152.00345345479383,40961661513.20235,12.423748269302514,60.74015425279332,64.58031621577425,5129.393422376069,79.40875244140625,184.72298006295907,17476452.783840504,565598582.5068206,-1.846635651588439,166.17916683509418,-313.7900404724553,85.49679545563063,0.7590836919724834,724864816.0323608,659.7733987597979,4767.6611932110545,57.41385386982349,23.472320700833738,8.23341282015723,26808303.424710423,290.0900923768337,2061.8118608709083,360.0392749244713,16065630.673716012,11.681321273988075,1365.2871133896786,433.3369565217391,438.90454750922385,1.1922148436651387,0.1178413534831791,72.14781374084279,1.1617533443298993,4.889591033341725,39.334495309770645,2.110041250221542,1.23495740897131,93376.6369436806,-0.9493625905027764,0.0023625995712945,77394.88420021349,0.9540485691338326,-0.4625263552217991,374.7952506215992,30.84386617846635,3635332.6879432625,48.799998443355435,18.36151688287267,5.351165318198286,814403.0714285715,25.576285938054703,0.2259762654586166,16088.637963218136,174.45879750335783,19.053494447675416,-7.190275001525879,4.728558540409184,-4.662776684144824,42.76416249677643,5.05117483658425,-0.7109269159374108,3.1774894994470806,-0.5484144574640901,1.6441692349894457,-4.439010727059475,-0.0730493257411271,39.76923340114429,140.33808563895926,4.04958020263573,262.18454251521064,2.66567412546335,94.400820777145,826.499460625951,-28.46227390184115,994.5453146135548,-3.520493268966675,537.4823710452239,21.542628319558187,477.43291121255936,236453944.3090124,354551881.65429544,51.11105985217886,420629188.0322581,205.42291987068873,35.796058654785156,-31.133412565235833,2.108798237662608,-23.86730016212165,2.9205797152375577,-0.0543160077542784,116.16114514638218,5.424971390181768,2.9494675491610858,41.244449711622025,88.2913614246632,10.720498756051036,3.726036980695026,17.49641860969911,1.490324025381824,1340.1761246120827,3.4985281663079206,19.108822331407804,12.142873289708318,5.017050841768839,236.3984386656495,5.939359357078386
NGS0018,154.18534572739568,146.32839779072276,169.46108814463562,39100109824.811455,13.688393349180553,46.2104539044408,4.1341355030597,4625.302322606342,107.76018524169922,181.9009009009009,12945040.222972972,771249978.4425676,-1.1599019765853875,188.0644654585989,-210.07910306575684,78.3948199963075,0.6369980404825816,586155135.3767606,449.1958955256736,7942.901880736093,67.94679106459951,792.6796498171562,332.52449376763866,29154172.792195123,9.276229618628417,3149.399198795878,393.6442432082794,18170830.150064684,1.200259251563126,1082.0074733498475,499.40472175379426,2004.3120530297765,1.0962088316745469,0.0,6.0459489832202715,0.440285091068389,0.8430970809794487,6.956554027522727,4.015373048313276,0.7860350995349992,524500.0,0.4483596210338411,-0.0043502858918211,334588.4166666667,0.7407337407350523,-0.0113649571213039,528.9988974641676,47.6434214364854,3290596.0,27.722838051222325,25.37411963763356,0.25,6617522.5,19.739158112841395,10.263173597816255,368626.8802083333,217.3396537510305,41.38742279787821,-0.6548648357391357,0.8603824234788048,10.018717640419403,51.373994109012784,3.0482538132428556,0.7968975136252304,1.108575952521081,-0.0109451073403246,1.1245919970506002,0.1440643406884775,-0.0024678298389229,110.95396957244331,64.3424145530604,1.0003123489811054,308.79434874382633,7.0007234809666095,107.54838382531932,1022.130734921328,-28.55318292262842,1218.352126828179,-8.148215293884277,371.15013922365085,12.269027315935478,498.0201426011106,456630202.51491195,372022452.397172,3768.9591064827823,529303375.51724136,234.6582987306182,26.992447662353523,16.716954077195112,-1.2954969911395904,90.46409329699792,0.9247249951451832,-0.277324514972503,80.25317980694126,4.001332242014899,7.306779410309779,47.42704039571311,221.85206103937392,-3.152496945459982,3.1597324017477706,12.60462064309218,-0.1888163037404247,650.7108998240327,-0.0612036257606285,-3.1828258586774485,6.159813033554521,4.725499755048467,62.055561866582664,6.758465842283952
NGS0488,150.40090089279656,149.6262009141447,151.61239978738314,37933464987.883736,12.425836155970307,52.48656629363684,36.43309487327044,4783.549618948228,77.3176498413086,164.6590636254502,16457040.414165666,739384434.4009603,-4.828796005249023,213.7121245584476,-218.9660825033089,59.169946548371904,-0.6748935136783155,473353530.0250261,433.5130562624448,4223.825588170478,63.314740406716446,1171.86711041927,242.02257251324517,1251691676.851852,297.4444740284543,16692.261671645658,625.0378715244487,5312930.172818792,515.9619527266008,25762.555716379356,367.4182692307692,291.7559933037033,1.0953235845099354,0.0444665095709968,28.915874523398013,2.2512969643630316,4.84809763616645,7.9335987797329794,0.1899296836979337,0.925321673992661,203017.4375,5.2268995570843195,-0.0037821966144417,167986.30902777778,0.7292547180116964,-0.075706784135032,528.9272081668886,12.856691938495768,1264501.75,35.40093841441179,13.16988773824232,1.7722908093278464,288165.8888888889,23.29406501791453,1.824039164023972,12160.23605263158,173.20391349124614,4.170577632068726,-0.705299186706543,3.491826297998166,3.253625433832673,46.37731539390085,1.7044547181901406,-0.9847212936744576,3.784769065696186,1.190887779994919,-3.1281290212628834,0.9901583613507255,-0.0205845198203308,24.62027565715596,35.705618402710805,1.007026969027798,542.5368771072494,4.587036571379849,75.09903061580636,1150.749743610222,-26.162643202764883,828.1984360719001,-4.468327045440674,620.9621492925777,19.15597583983224,727.3887876621191,485000701.2440049,303327912.02978367,1140.1057368368813,40134843.738970585,232.7103035874553,40.278435516357405,-88.13892651558798,3.1310131397407415,-423.04648069119855,49.285242561491515,0.0495207825567433,58.12271558272357,12.66887608982162,4.97345578240765,37.11397185032613,13.529447746582823,11.79983168569292,6.411383400327845,12.928728158536014,1.815553442478227,1653.6705381512684,1.7402614678927948,8.679980105121862,8.628778593890493,9.129075224446463,201.04375362227395,5.6572342811160645
NGS0509,165.5693210758575,155.8589105569521,132.9326352441484,44940151551.320114,13.216405852618998,56.85076989795369,4.19694834601685,6001.373433106506,65.17450714111328,214.19427402862985,23258910.59815951,757547965.8323108,-0.5526474237442016,195.6171057359439,-230.58701669278415,65.42710194102057,0.3970714880691318,850127013.2316732,340.4776496062564,23029.755518255657,58.12988377531039,1375.649307465078,289.6669775352501,690848717.1234568,9.131025647543614,8734.595939530034,989.3428783934548,8486350.960022314,364.7540493895368,13517.76880016274,1063.1001818482391,307.0440136484461,0.9441358113434576,0.0,123.00801606335494,0.5000336111494548,9.3765762158906,37.48842510219402,2.423338912151946,0.86949066832389,1625739.05,-0.0317542741915087,-0.0068267884988767,4155762.5,0.8349613158608771,0.0126895319221016,606.4259541984733,119.56952199046366,4565794.0,19.76559407959909,15.69838475352937,0.2857142857142857,2309958.5714285714,12.980847750865053,3.5472430706985754,231300.7065217391,175.8186274509804,8.430858303164365,-0.5062083423137664,1.153345476410963,0.6776244788045652,71.85824583083259,3.1307572582193224,-1.3613637599152435,1.4586678454923283,0.0798583554348259,-0.0100403849538866,1.1726723841785796,-0.0023702102945247,63.409871669435034,27.223248243160945,1.021354968942782,362.9173022902275,5.846910935972111,80.05650657134532,1038.440469383917,-37.2044531732182,972.0840582134492,-3.764916181564331,644.9950385789464,19.901353069186705,752.3724059271876,307798560.88831306,422207899.8517824,519.5221710146569,73136877.42493297,277.1138300941922,42.93565139770511,-145.3294256748043,-0.1482727373251449,-20.68263266401835,9.292515610034908,-0.8011585013613318,52.86196386709372,8.265733900245994,9.434233047800156,40.911764705882355,70.28266432604177,4.157360116757599,4.6734655937979355,9.60981616703009,6.038059511055914,616.2934380815592,22.669519960380576,-2.652468589646575,9.34426964565637,6.601884423123831,63.145045326330646,4.585507069703855
NGS0536,161.65830763793485,163.76812876747417,141.8014237891036,39031528418.33457,11.645183894775366,59.05520136325191,25.05454748388532,6260.106162214248,66.68233489990234,234.0228728270814,14457259.189387009,475407416.0878317,-0.8238524436950676,184.43445544383005,-289.97211312812016,87.87164759191137,1.005727176210776,935697747.3318608,433.2041969179811,6930.256301844764,67.17674540476473,699.7107757494003,353.34234807133515,42444121.27023945,49.68794921757024,3374.149818165444,364.0846120122754,15782910.259535292,6.411408608852714,2205.71201273194,470.3437959784208,363.2092322129282,2.036656471475845,2.154221474016756,17.32454382454107,3.836296960512354,2.968330650806691,9.436349526335183,0.6894563729731832,5.785217992459208,3027.385158413627,6.63488118741678,0.0457783920515532,4496.854769794585,5.318965375155344,-0.5671659483344497,623.8039628816067,225.7382706756968,6366553.415584415,21.37442661357425,17.278551969122752,2.4391127206880943,2781183.212765957,23.42718835956342,2.881317950366829,149367.7987132353,181.60278128950696,7.103136844429402,-0.386804986000061,9.925289092346858,-0.4811661919860186,246.58877681408163,8.095239653244668,-2.626434884831819,5.49298792634285,1.8203440969118616,2.851249046449437,-3.9635255653923505,-0.0688735726327221,42.34650857625381,70.03087414691355,1.001408845491353,346.3283391246487,7.1788099002882,88.11074403455237,980.8463301621988,-48.21949271651621,961.7500714734977,-5.2372424602508545,436.13152748754345,24.35104687391142,483.94788329994685,325585608.38786316,350609342.35221606,1351.9728677343749,271369853.27272725,199.37622859827928,16.694978332519536,-72.92993558285231,0.2394819666757706,-2.782295867500592,0.614191905245213,-0.0140259290766917,91.17014934049816,3.45731630733267,14.69453193630543,70.70467762326169,709.0730586003835,-2.3636584098448092,4.80061403990205,16.62646450603547,-1.1909157112636692,503.39808120219607,-24.39816093825501,0.5543845564458926,16.777849145344053,4.699154885486316,38.78091101147152,6.316550070146534
NGS0531,148.48443168687405,154.46682491719702,142.02770273503668,33124714302.843903,11.485154199512769,61.36605241655078,81.17971456338834,5325.971404402864,74.72953796386719,197.41339491916855,13341551.085450346,439208980.2852194,-0.928300857543945,181.756417018386,-395.57299916731534,75.12920587519504,1.5814490220830262,474537564.62326735,535.9873897501021,5878.21064971901,69.05509867147872,1020.4154056081304,250.60520122629336,175142151.1446541,1519.745055706793,6205.90629335729,399.856153604029,6993724.436260623,2815.933325091864,5468.423728820634,360.0345508390918,278.73071523592796,2.486101720161663,7.119316857516467,78.03021545244509,2.548240613134889,-2.10383269313085,39.29575878438042,-0.9142760961588976,1.427799884316514,38686.941168992525,-9.657627871261496,-0.2786017575862023,732.2262061805552,1.5235054640130128,1.139224261694021,559.647132392353,10.492401938364406,965944.2803030304,44.49513276481834,13.065324813711698,6.1428047151392375,452634.3716475096,25.135354899211897,0.5257017154932423,11088.57220414121,170.626969456914,9.675714571163722,-3.997474670410156,3.2908841514212255,2.2172494066060926,61.90748223966633,-1.1686985065300184,8.163560205721005,9.916370101632038,-31.588440573256893,0.0134017439478744,-2.1578217430387516,-0.7809738707646812,32.51722916379179,111.53227621442424,1.11809252425586,103.03935344917026,3.117273766310571,97.72739488032828,973.949791262447,-20.90650166499214,834.6773874930551,-4.527860164642334,442.7389424009272,21.376735435708493,661.6666524755295,255486282.75052813,318417087.2871296,577.6441901339177,184870886.22666663,92.71356962358196,38.12335205078125,-16.320262200468036,1.8112010522463375,-77.98189034230366,3.961200864100714,-1.270680597715902,79.93832118906201,4.93967342744966,7.425747562622916,54.460786902561395,68.48099715436481,-7.014977924492292,6.423811358776685,9.911255757976036,-0.994091758699066,698.3198181124612,12.789768083147926,13.742259914998847,14.308213700571304,4.778309390555554,192.04398394858325,6.312163764517732
NGS0507,171.14036150993073,169.43435306926398,151.834163813798,44180823527.78381,13.28748735398963,69.70650430804123,25.456190643792993,5647.347255603516,86.53018951416016,262.51053484602915,14206516.118314425,641666387.2868719,-0.8567095100879669,197.2647512157849,-283.9717246861867,75.94400994470125,-0.814273836985667,664282664.6183575,435.7482191000146,5027.269431555217,63.653707710544325,999.6568500784452,365.3806094171871,61720778.40220386,64.91021153350906,4232.111928084437,366.17331399564904,15102902.802030455,31.131290496089225,3363.303891446973,384.5619902120718,491.1563239930187,1.7513995192073477,0.3629189803954317,19.363346457007005,5.362499609458369,2.43613478504467,8.605801270948024,0.7115730899270589,1.8734052663472027,35885.8577656728,4.164899579490023,0.7706353105580958,3445.4538785007635,1.3486220653158578,7.138614553280756,576.0499219968799,26.82567206590228,1827874.5625,27.180778754811143,13.535903207306475,8.590675933544581,129140.09623430962,42.63110539863025,0.8223223978154738,1528.416263044798,181.6435010653991,8.51266310963943,-9.155874252319336,7.227325739143187,2.98273429329355,29.3297696363281,0.295701136444405,-4.652241603382388,6.943870501986142,-21.73748017658384,0.5616778858563028,1.2491199061615037,0.1113640115901513,28.907180712541063,228.2975038218131,4.269525092609469,248.23196793897728,5.788864239238378,115.84471840359112,1216.899257467609,-20.412279656711327,901.2406340614732,-5.227138996124268,629.3314361902891,15.845938753047628,864.0658021866969,478557861.20252454,421803336.2239218,177.53372436635817,115848589.24210526,163.02835038637315,77.32974243164065,-161.0823702642448,7.0006754389687185,-283.6001552296036,8.472291210637893,-1.012555942851582,104.88915224882652,5.038775715323664,1.594876247101633,27.889362399606625,5.547311302478732,-7.050637858718453,4.700696808564105,10.98391906503548,-9.16964333987381,1701.2569555663624,3.596278118302339,28.10732706283316,12.56051060637638,5.82853161026075,130.15506629845325,4.468123607971669
NGS0351,150.86317252326288,150.2131818450032,135.2504669657224,33983476875.380043,12.291092128063475,55.94796803262388,9.39292978597326,6192.445949618767,65.18978881835938,177.25798816568047,15295024.156213015,695684742.3100592,-0.8771917521953583,178.0915463086434,-286.67414671514695,88.6343160853876,2.4861858894122597,420324340.42764795,431.8113121494886,5840.190465343574,67.21941698371681,949.2923391560372,300.7149670574221,73379200.3498818,17.190842652979477,9430.164296376504,999.4449588477366,6245417.133744856,22.126750410200888,3968.8261019742504,557.6308679500169,365.4223615992074,2.147836590077938,2.5034168823626857,22.329602152921424,3.3397093485099,1.3638981089726627,14.12991086814791,-0.1486122066733897,2.5886365446700816,53552.657613759926,-2.70863105318333,-0.4836311258070406,1238.728241752011,1.772549061425608,1.4598653020370478,556.5890081235583,9.110016831073544,502819.5259740259,55.90504801704503,15.349815780804864,3.311728395061728,319735.4012345679,30.11130726707915,1.6327272651929046,11339.929785746072,182.1056549562492,9.481661947791258,-0.7022351503372193,3.4524440894089854,3.4336833509108557,55.118378762673025,-0.0860633772360197,-4.9362019688911944,9.286451430268658,-31.30034741402822,-0.400245529527431,-1.2600899566924508,-0.4460058891080656,31.87699459999756,73.73961263414762,1.0226729057379578,415.27978580227153,6.230791736017409,70.51933439044677,865.1435411127346,-21.325356348216552,724.2685531233316,-3.4457967281341553,520.5412070623089,20.03961395566144,650.0548279265088,333649217.1070247,321795923.2127441,300.3696482491639,148250582.38277513,77.51721113062872,41.85601043701172,-11.315334543358397,1.9860847195754348,-44.09487072134812,7.692095785518894,1.1958274534166902,66.42197670853704,8.255306725211405,11.98170247627274,67.00130599451482,70.5360849039084,-9.887180532528866,8.612691489575415,15.265491452012492,-1.122778367145325,1253.8735764574938,41.61517928487362,14.844691364817262,11.504809169684,7.69578451467779,237.574109325143,5.068819658114991
NGS0356,153.6990333314123,147.95945390545344,140.44225808294397,36117053792.577446,12.199064924328727,58.3272389828339,24.528743905956432,10099.114911230015,80.54450225830078,215.77834525025537,13154475.391215526,427434188.40755874,-2.2026164531707746,192.1521638247668,-227.31068430927417,71.46350216048403,-1.2717540258552076,789969137.6415602,439.2934448812293,10119.096313016042,68.8752743497173,1177.900341171407,242.24059466499017,391755468.6046511,165.6260959645992,13521.853358774477,616.2475931868674,5266138.530239447,224.2258004606608,7385.548143885085,421.99921156373193,279.5372455290079,1.045891665367915,-0.2956335439165535,195.50552512827983,0.3446457392325273,10.26740824708756,247.09251615027313,5.426787770046471,0.810315468692122,20155817.166666668,-0.0435309263375876,-0.0011978496660486,4296654.571428572,0.8056931703773603,0.0022959699139706,582.4365028260714,13.501779049499058,1741023.181818182,35.734148112346936,15.988977992643772,3.534695923368233,1134523.380597015,22.713594779600975,5.538090762511336,96609.17589491858,170.470871191876,39.30219863376551,-0.4003599762916564,1.132397853315086,19.159434456234628,168.93648704925295,3.83612580667548,-14.357900288204414,1.124875441795802,-0.002155099944472,-3.233097332133392,0.8071175986005865,-0.0009620489903115,399.75939566216306,158.833022883952,1.005679776870717,338.68981728547243,8.899363664247259,118.62776787447942,1138.7799435874072,-27.478016270074487,880.9265681307777,-5.906165838241577,653.5543568334401,19.461305827511925,928.6043069518888,404379397.3199299,454795518.2070638,2518.9612326531665,107395762.98709676,180.25696647274376,37.393142700195305,1.555776695651157,-0.0176949744265438,-2.42314319756425,0.4449204487655601,0.1744019543104866,104.55056747784806,4.725027569588108,6.9107275138693405,54.70359624341452,169.87923544644556,-10.40690633598617,5.297016925684205,20.437333523709988,-2.765755763669159,1549.9465472773193,11.930222521879356,2.1832329700646302,27.387698518430827,6.287107766079877,66.66425481362182,5.801158286274725
NGS0500,157.05885992944644,147.07821048680188,128.04498911170523,33811685486.187496,12.4960584906731,51.766374330497904,4.135151131988883,4771.707331306435,70.99374389648438,148.34864864864866,17621128.63243243,795249476.6459459,-0.5000874996185303,181.4222772879681,-254.7286750583625,71.57945571411685,0.6047295119503739,764821962.781709,339.50648842103925,6411.673136873368,65.29092587738297,933.3369851319272,312.38157873798616,66115754.551724136,4.6732863943242995,9593.23900378989,1054.5214827295704,7018149.00196574,10.916191419119912,5162.280831258584,575.2392758756395,477.0189328642519,1.0683606839759794,0.0,213.0382619987272,0.4082378170648265,9.499661180400594,73.60850828099083,2.3159090760055645,0.8614434691456997,9391382.090277778,-0.0614636671749122,-0.0088842136352337,772492.4695039681,0.8861977535730607,-0.2715235730217058,610.4505180421579,178.16334309125253,125350416.0,18.13675072286956,17.603238784994733,2.472222222222222,3266575.722222222,11.520697102625794,2.9142889497790803,118675.50142642642,177.7577607481491,4.905760122997497,-0.3489619135856628,2.6891956930987004,6.074482878128258,75.46543157841306,6.784574183970313,-8.123308656831787,9.528492408212696,14.717002480468434,-1.025311516217986,-6.345937445856915,-0.1703175510719625,101.41810640962422,58.69925979705218,1.002699121721763,367.63634976488095,4.12325534313003,85.46156503573391,956.4721532464644,-38.11905499343098,1059.0566063659262,-4.058268785476685,563.7546541941853,15.913995447165814,532.9918269533259,277999337.8559211,227778515.53700855,287.3425119334431,139832054.81896552,205.5163718882605,32.93075180053711,-24.149181460329935,2.531750178216866,-33.28558876774127,2.8020037991625006,-0.3044225879582528,61.298916432682574,5.8350868855136175,16.03675520108636,54.05338355630602,151.80742446178226,-8.819820154458768,4.4171605241664125,8.842717226151969,-5.9448473535455255,976.8806958860616,9.411480154530876,-2.0403554037497633,18.865124146266897,6.496611758760132,84.06234584516761,5.151455473932591
NGS0553,155.46659191737905,145.38225476308995,177.55082692694864,37130215955.83234,11.01793220804063,121.57194565087448,31.009245732464443,27692.12255490207,94.66178894042967,221.1521394611727,7387874.133122029,441066483.19017434,-4.988383150100707,242.2376711813064,-382.57271306456505,67.54267527848987,1.3055876935530752,641630839.0786792,528.6614512089327,5199.678153369333,74.80371157946827,2255.7893309053948,301.3429743388061,16991000.741209563,49.65054756456011,2597.914965223816,445.4518322629391,8992108.977710616,3.207368171155508,1583.4830702535985,484.4850028296548,789.5637682741022,4.584900413737482,9.468399504231238,13.624169784071857,7.525510533576923,0.8623648206397311,8.685661584787592,-1.2947756342478982,5.406406013282619,988.5517378129844,-2.769731905355578,-1.7680295533421513,1699.1303803872222,2.261307014748962,-1.5002235426330537,397.83433101439897,29.30830370506238,848394.9822485207,33.164602757232274,4.272840003356435,9.144147613879063,73237.56213017751,26.029089028354058,1.0546664356230664,1783.374338703666,168.51674277016744,7.578162967190678,-0.990121215581894,4.2838119633083656,5.3045639663949515,51.17614917382899,2.4294045603608723,2.3661676534262317,4.543121774485914,-1.5657844884314402,6.7923365577139645,-1.5262782160314543,0.016684426324223,33.66838314017602,232.76479646666655,4.244765858636304,294.7744145819879,4.6727079703614045,85.8722056534518,1064.345525442899,-45.610783501192635,774.0811832160542,-4.4785966873168945,599.6111245615717,19.01701365335778,621.7104533008062,299322102.30567145,315643784.4821786,2709.701689957983,56771782.72234763,77.76879416974053,45.00679626464843,-18.65870455463189,1.905903988698072,-72.61344100841269,8.28410671806681,-5.687883125367819,70.09099341444295,21.143793376948445,10.7411701588954,60.65106544901065,46.94059917378923,-15.123903731499404,15.550430776609268,27.291275031393653,-1.0814931984669995,1257.4145597220277,8.237680606697419,0.1325131076221312,39.415051832008025,11.984846430444694,337.41128537934395,6.613243557753405
NGS0562,142.64219194243557,142.56226709757388,134.113495188556,30821777334.894356,10.191114650737992,60.463314633580325,49.82658047346316,5492.132491701691,78.84691619873047,154.4097902097902,15166189.95804196,903949965.648951,-1.5096170186996454,154.1146635970867,-225.2814081143045,54.389409179194445,0.6119207677460018,365738830.0315956,332.830560753122,7346.817857197364,69.65496955108233,959.4873067818036,266.4464418087093,91278748.2968198,578.7339239219666,3790.096349261967,357.1750427350427,8021186.553162393,320.92012814105505,3923.1898330069766,388.46499830909704,292.4021712166031,7.871302575262316,14.607298440230608,10.02606611256247,7.286285814695729,0.0828514757560033,6.257858059551451,-1.0263950463311606,6.1619531233160885,1678.7733018359393,-1.0432585355757495,-0.2773312171975424,331.8876792598374,3.072728437686552,-0.2966569786185527,529.9064631373823,0.2689157991401031,314811.04,48.92907680300531,8.404706666203616,4.836686390532544,47232.084615384614,38.25877090784503,1.1516066885013312,2827.476711551287,149.72991402312482,7.308862332768853,-6.291072177886962,5.117002559416273,-0.8252391080242134,24.05652124647694,1.3388310404307862,3.385267755554096,12.976382792273906,1.5427616790427705,0.2340849161156125,-1.9337036041983289,-1.1867276323587168,19.46693719267384,58.7637164781024,1.0200253886020052,272.0406470326572,3.645860780317262,121.47213424638272,1056.2098315678734,-25.24997745748182,1007.967528936534,-5.386923789978027,612.3703074649218,16.137891763273092,753.7252321847506,168128646.62261587,234571893.992897,95.98335300691352,39810879.012861736,315.1625526634392,31.23008995056153,-113.79089744264492,-0.366849881417551,-110.99898354095367,7.024306693634751,-4.081065948332382,113.91464402119703,5.110414519196084,0.2267944693475533,16.37207233916395,2.1836762093006388,9.326570481088442,4.163613763331705,9.049302225901126,10.604594724824922,2200.826922834948,27.13834115438404,103.35798802837766,7.381973046569459,4.816246156030563,132.9167794099473,5.572549665283522
NGS0357,150.48084311796686,148.29699929533302,136.05339474876126,32426638021.021706,13.683497911697168,53.87547446294107,65.22186960718402,8241.597857295517,92.6923828125,184.64567769477057,11702174.039487729,529158771.9530416,-4.986363315582271,200.6356939264922,-242.0299646481586,68.82146213919694,0.2241869095540185,626040166.1385696,430.35427126273106,5221.866161201978,68.01393269072655,1103.9271163646702,232.22881945905712,914651055.1935484,1936.7776654328193,5431.672273031509,484.02683843263554,6267344.319645733,5832.194801780142,7169.228383779191,541.4640403114979,362.6901743602063,1.431820172843567,0.2520337921347456,46.0858632484978,1.8304677785171444,5.9198881335726234,18.692737779945556,2.0483396983482747,2.143755909851393,14668.276600750236,-3.1080602160177024,-0.0161771637354323,99200.23652933216,1.1336035743808124,-2.373541754059815,588.5159469169294,169.2730091405768,13219214.357142856,18.405905859007103,11.923778399633116,2.205110870740941,677759.2906976744,22.48825164364092,2.128927190521374,16066.617767701831,161.65202911064512,5.806006561258542,-0.5640199661254883,8.53828914652743,0.9210787266276133,53.39177107002605,6.07915633960069,-6.900601800168121,2.823092578190052,0.0346651551579191,-4.404070259556422,-14.92882606918522,-0.1695589030778442,43.03910771462748,94.6288329933856,1.0086022485785615,305.1685099126969,4.920602348535946,66.38708184599403,956.7631982920626,-30.71844277161382,750.0372828696512,-3.5509982109069824,600.1221426648484,18.344899023810797,621.6388831358454,347413203.36922455,391782323.1163643,2530.2272533103405,64067147.64203233,56.08145434632491,37.23620071411134,-33.98092273589072,0.4908581785760504,-21.267945804804448,-4.602924582845852,-0.7729569703415127,102.97791413829424,4.445614404421731,22.10017903905772,53.12532379425189,55.96096377965735,-0.4201464632116382,2.6078560693732102,18.040897940172236,1.1779243636767176,1264.049024790226,0.8743254186126055,18.415011025644596,20.48916691524203,3.6199872833135815,114.1010757470316,4.288086123981861
NGS0501,150.4143350294409,154.55743269089325,139.57163819628255,34462059782.90065,15.128881249720369,45.85469088308602,78.81082995142557,15090.786442686862,153.616943359375,138.2296918767507,17078492.79411765,762427214.5014006,-0.7027148008346558,306.99583642073407,-288.47079367419775,89.710370480004,0.7672662987195701,695793022.7551546,434.05019156643687,17955.337655183215,56.05893814969723,1127.379323885609,241.8420445483142,369005004.10714287,1268.4963542581925,20910.52541609403,346.7451571244081,6559505.8213517,5215.814712421523,12861.56599006412,509.6199494949495,576.4356667991882,1.294950917334866,-0.2022133449870682,11.683027811311472,5.980243812054388,3.083978760666236,5.8713426396436,0.7166518110578183,8.059972238508028,4436.556575974579,1.9439441731063123,-0.0106689810282629,425.819549584659,10.658256300149649,-0.3940070731844691,513.5651027938851,48.548176513088336,590965.5,30.340665518259975,10.280194562719425,0.3038501560874089,153416.67741935485,22.173160671759028,3.1505694979934287,199778.46875,161.00550098231827,6.89985681772028,-0.2758550345897674,9.099067263928209,2.8009102229341387,108.91116852002992,5.546281721038037,-0.639979275010883,7.442571108056761,7.305870008594638,0.8719467990638455,-5.474464626980886,-0.0340072458338505,55.66393729252604,17.790399522181986,1.0,484.034273341876,5.902307469544242,110.07964631192992,1726.4992136907824,-54.7635554124392,1394.6219905497635,-7.922585964202881,598.5184478988665,11.505767686944877,742.5557822322783,67606491.20639911,255708438.0490587,402.5649682995831,1823919822.6470587,373.48700411287194,56.6837142944336,-119.02248755703948,-4.229604484739952,-279.21609153292087,19.519242917247063,-1.6819166549361004,157.9279396504424,8.255714651188915,0.4562685315961033,16.71001964636542,0.2856500519722207,-6.3599011352816355,4.682652924269149,8.500196860907854,-9.794163710836422,2223.5937960270003,26.031139656839887,14.6835215398596,23.097618793149756,10.714016393701517,508.39445424640974,6.020941208266346
NGS0392,150.6256815104182,146.66969693839283,128.3217540911335,30952995327.086098,12.949377624375757,55.09611026631203,81.4901625714449,4371.349753757782,69.74937438964844,197.0997830802603,11814640.668112798,530812701.01843816,-4.489400482177735,182.56930712301363,-239.90773894499915,59.9261569407725,-1.510540705414148,513354854.8021903,334.5493671717349,5521.046548870003,67.75698921646853,1105.9778962144867,222.44590057820992,1542327294.1111112,3010.3441060451087,14328.190273305663,507.1822370104939,4414735.395444075,23242.97885029201,19861.290499491264,462.1653746770026,296.7734876934345,0.7792699978747321,0.0,9.44766545037331,0.2708459719033189,0.6865496767411993,7.82702822639537,5.422007778009787,0.7778207932957155,6100822.0,0.0036739037861241,0.0090504737128015,3586254.15,0.8100000394451178,0.0072250510794091,608.3522384140738,134.43240512308796,58018689.0,19.928336574444145,14.673066356123751,0.6666666666666666,9817491.666666666,10.883151019219476,-5.155648141574133,424572.8214285714,171.33437442586808,35.968457408518894,-0.3862913846969604,0.9490031445915628,3.035562993221279,253.4368623632828,-7.915194890238888,-3.6606676821029938,0.978462255162656,-0.0079451791378328,-1.361203819423737,0.7786007854507,0.0008241254713282,82.41671140922958,74.942819214267,3.1969835202522017,225.8209935398933,5.034284660251315,82.40302054440122,978.2032661189678,-38.1526558855656,783.6760217983651,-5.050819158554077,491.99450166161864,18.917259066354443,626.2857635497991,406734127.5152105,391078700.35866535,581.9375930991395,95892949.22105265,193.4765275043601,22.716897583007817,0.7058924168213696,1.2097423920085653,-37.043088903058795,7.527682089600745,-4.238812831080673,60.5822110327631,9.169632820296949,5.782593074042883,54.89748300569539,59.25318298047382,-2.752861754088942,3.660739035544267,21.821068334106187,-1.6472894284116535,2155.6795270792636,19.73258343138167,26.14907046683447,22.763807508672,5.433657561930317,580.0792183566679,6.330021830343691
NGS0508,149.34872101160806,142.04224723651762,195.86505096971325,40828609562.04812,10.875741634879171,118.68071699260464,5.044550722170133,15447.526280961694,114.74179077148438,184.57942511346445,7260420.099848714,433474545.11573374,-4.994323492050171,252.52653704074208,-345.73442347286806,72.3368482489674,0.3005654630121763,530264694.38233024,638.7329115431434,14935.406585833236,64.5866579911675,476.694738296965,283.09912501324936,20245479.36318408,5.727255238527898,15695.108141832305,439.6387283236994,5075792.621387283,3.5519328437556967,1463.935718173983,484.064138315672,523.5005565710811,2.233911887169264,0.3336451808487943,42.796317568931904,2.003601934423312,5.68863676911217,12.090045809465508,0.7445477324462078,1.6172971960595552,120772.75,2.7296691930778225,-0.048138431372819,3950.046089267795,1.56586142032965,0.2206974619895284,532.0601471224578,57.9578140461275,1325959.75,26.11846565285848,6.086016493156743,5.31534827008078,50177.91358024691,26.81204778149397,1.7648208206619085,2362.9234642962124,145.61599710459646,3.6075061950231055,-0.5493165016174316,4.466511393304711,3.652423905379491,33.81651043408779,-1.7748241646216187,-4.520190201252574,27.550494797031103,57.01728946148766,-0.5811045465760011,-0.5113682107972175,-1.742840317766986,27.672308137056305,159.2748785352011,1.6162113445465955,420.4758201769987,4.255422632136675,97.03493209431316,994.3185483203628,-29.469123459228857,878.5833655705997,-5.9848387241363525,522.700248952814,16.50701007352689,806.2371652889491,374971587.2474798,174515739.3759553,120.68885190931418,67048355.15025907,327.6039782367418,6.724782466888428,-221.02767164217997,-0.6663705981491319,-193.20334806534015,32.33933775878917,-1.1048227407953466,96.45724492947816,6.376820885664673,1.0076174843954768,21.107853782120884,7.756637150179502,5.539434342551741,4.297349245010493,6.6607863390001585,-14.17835452890543,1285.3426200862907,13.128631071395386,38.79749213503804,6.721935481629818,4.663242042016096,111.95510090757963,5.241398128000875
NGS0537,145.48473713833195,149.09057649630307,140.977566607099,32348434821.356228,12.198119129486194,48.09759323393967,15.781007977964965,7774.265404469752,76.90129089355469,162.3221216041397,13729125.76972833,448581982.69081503,-3.912581872940062,192.2812677508341,-250.41912632454913,69.88524233542333,0.7204628153349454,586728596.7870195,431.1693360733677,7818.016341091059,67.08406705472933,1087.933813884276,213.1919551024845,2689042433.0,99.62116925735609,7487.415797253358,430.35766423357666,5509785.759124087,723.6738221348775,21497.411022072814,371.62295081967216,261.5632842663366,1.5212527503432751,0.5241957417689066,32.03782766953071,2.5570677255184115,2.5354196819027126,12.62803964183562,1.017180104870971,1.506486722418611,13763.632580779768,5.630362152386771,0.2030641243472372,3896.527280918637,1.2339974947449437,3.5902034703821006,551.9035608308606,27.857979481361767,834632.3139013452,52.85720867135593,13.227821362967676,4.198840942908606,627548.2389380531,24.75307742718074,1.6845902024228088,17651.419675790952,183.7596429709914,6.16577673856295,-0.999678337574005,3.010996387291378,0.3418439334078991,36.50997454256228,1.735412403081407,0.6480868315364998,11.923751890770191,-2.6712978947470964,-0.9412331058067694,0.2129405461146833,0.1317830294572406,28.742855444254868,53.29884925034091,1.0084346964053377,473.09511491953225,5.066870245948977,84.06341452179117,1018.8685450390324,-22.00753239338177,862.4498880616442,-4.401489973068237,508.9837533704508,18.908832063116147,683.5007837422629,181221989.18237585,208203375.3268212,1169.1789648484057,48304222.737642586,163.5058771088082,42.243316650390625,-29.53418087739692,1.9765908081453285,-52.13493837825178,-0.4679163210841554,-1.7255645074913346,67.0150149365682,7.364797840752029,15.451942970608536,50.21437679311444,65.27453415958715,-6.625578071080103,5.811517155819097,12.617885861249096,-7.062507030451452,1613.7856580598782,14.301082148643651,41.07566147385324,11.599809715599292,6.143770904864194,276.7183091910089,5.428459073164653
NGS0563,162.60117319367518,162.60381299342276,128.36305431289546,39440853198.93686,14.525322652072107,46.26199267627532,25.266147519632053,5291.063037909581,70.83722686767578,168.30359355638166,23320551.609665427,1047344758.4944236,-1.971821427345276,366.78091615036425,-475.4126701831814,95.21075544817164,1.3954295146693738,927114179.3732312,339.3964284255046,6754.426285945252,63.02509803951675,1277.8409556361237,272.6595944340145,865098853.75,193.94650920101444,10504.006184874072,1045.688221709007,6808944.994121352,212.42101337009416,27652.533242146314,417.4132637396377,699.6502777302208,1.2040823703092802,-0.0028661461307324,13.418687113958631,3.888519209957345,3.0872934413903637,5.3909197608274875,0.4821953495460029,11.591925522130582,39.490699059733366,-8.086797062850634,-0.194142980594535,13328.915547798068,4.111600687821732,-3.1917037313754864,553.1261187957689,14.948888794027797,747257.75,26.778523623233212,13.437006139794388,42.96,407058.26666666666,16.040353542684795,1.0941192528676695,3146.5586649659867,155.62168674698796,4.096226737353097,-0.4402465969324112,18.73556923273583,1.2427215177305253,301.8486444709382,-7.507821411254232,-4.635802166475111,4.021710054705954,0.1117778131449783,1.7763334338554504,2.2390836476018734,0.0145124243197804,98.56190627650253,319.9639525578609,4.011135303442277,317.8154641492104,4.722148070853338,104.29947388604728,853.9372263053716,-29.47885528306109,1196.903423692282,-4.105578422546387,545.4074728895519,18.606952745468764,615.4819492669424,284469376.6261229,338825622.5825953,126.09169842980675,173677566.2235294,119.38776891700188,41.999433135986365,-123.7167677796589,1.7873420418666477,-303.46634805068487,4.407192100529997,-0.893926214544497,93.8933899122353,4.087806976593503,1.7336953703893987,31.698795180722893,30.804029079633608,-5.116736215813811,4.21795991407305,17.976723195995188,-0.7742299319006444,1059.699434232473,6.520289926559806,-0.1899790101662691,7.318901540380198,7.21849883391389,86.0889454141484,5.943005971391631
NGS0303,158.278352212311,161.24515496597098,148.90115197822482,34260175516.215088,11.007594635102633,47.93417979161456,36.35512963951732,4487.945776477538,69.71253967285156,175.3080459770115,13232500.462068966,431291523.4287356,-4.479508066177368,220.63254233800043,-289.10505120664476,90.9155377969984,2.736011862276293,654124521.1730459,649.5709059986965,6202.5583369490005,69.3269265384262,1102.027776856057,223.44295974970632,4704168002.333333,485.0050689813979,7288.273932865022,559.628749700024,5422616.414686825,605.483125481587,19274.053117607084,409.4332129963899,200.11236359863472,1.789399275032422,0.142490106120306,6.503535901978153,7.556871013016952,2.1177470431530794,3.6780324322444584,0.3371001385685172,21.00605753259783,57.595094014437834,1.5373211447484258,0.0170388608148136,30485.922808641975,3.760566440348169,1.4964842350087475,535.4956188389923,42.929195936485385,481742.6666666667,43.401391486487626,17.213074454741832,4.322314049586777,621603.4090909091,18.30151981515725,2.3782118391330593,12383.365798883657,163.6983105390185,6.318922555240893,-0.3668078482151031,14.841180781988989,-1.5502780873496729,111.2269028849732,1.1209528986527622,-2.53037061120076,2.833504361583824,0.3563027359275855,-3.3851089546156583,-0.9006553892073115,-0.0124202215211564,33.40363062314578,110.5408919704717,1.0083256813489787,336.6180669254429,6.4065995473622115,78.50849836761893,805.0590778189058,-26.28894560437173,939.7620461292532,-4.750055313110352,557.3910226224638,18.36656032133443,599.6012937816421,353559452.00096,219398260.87709215,174.10362607136457,94943857.06529208,68.62072519361094,59.93981056213379,-796.752791523376,-0.1547259549655315,-34.315863164120806,3.8171908334999447,-1.0839361440806403,118.18296201138956,3.554122506896754,2.115204790761428,42.65352641458836,10.33254166588187,-9.105873114483613,4.381408818444914,9.97346442988327,5.458325637170611,1212.970963375255,26.41464045484765,-3.615657563448781,10.639707701625442,4.271704377176588,74.88727817586803,5.683113790686005
NGS0555,156.02482907041525,156.1793840428371,135.5494938170179,38095764580.59301,10.47793599875458,42.77898019284123,64.7265174170362,6272.0139297880005,95.27035522460938,157.39304812834226,22275612.635026734,494110882.2593583,-2.349102735519409,198.88436505015372,-279.5567177470573,83.8436584257197,1.188399998807703,672422253.990172,655.991790303882,5955.4277170287805,64.91489988907483,1239.386268364526,243.7186171411481,1462490889.074074,2297.1485604467794,11296.294594389365,1038.3351702420782,5687791.446762448,238604.52285292896,22785.633056366773,474.65755395683453,277.7049810829108,0.6932306476505476,9.846426125474288e-05,56.7377425026487,1.2189707886832457,6.9116630789302995,16.045254243216206,1.5787007490633485,0.7705718029224814,4639735.978009259,3.0927511268231584,-0.0005046151424153,3534918.46875,0.6361275774191727,0.0100928471375748,614.2913336137989,24.203267685500997,708180.1803278689,28.627838806866187,14.503204388636478,0.5472910927456383,1186768.606060606,22.35071981345491,2.172764755362921,238260.8296682099,159.8129957291031,4.379400880407003,-0.2447102516889572,5.7463960696699505,1.1778075220849815,42.670046075636265,4.657690828207422,-2.249345973553192,2.435276641081577,0.3079346942105419,-5.224686480637264,2.947252112314251,-0.01268823712472,29.2202070730889,61.28641735191598,1.0003975393614932,319.8889466943506,6.374407988022198,75.04874160450825,1081.8939399361354,-34.861681967502335,997.7249732645186,-3.4069714546203613,570.6457322436223,20.976210520413694,726.2705055687977,314100283.5187168,335617389.7129512,1617.4932211680414,46935114.775585696,201.3190891188061,26.169828987121605,-19.825781856428616,-0.0411112958676795,-7.431720465066954,0.3483514857714503,-0.5183030387626841,77.0468853167163,6.978433175782478,10.784961677199911,67.58328248932276,139.42607623796235,-1.3079559801418,3.747816488205434,15.26340225983857,-4.462798606438061,1043.8314891015386,193.3866285109484,3.8351594638427153,15.045673704777371,5.8141703490642955,81.29115547609481,6.02781029330472
NGS0511,160.04923829806364,149.9333185119305,140.34875978530815,37486557743.02264,12.212147509719978,54.58024233697443,48.25930809912914,10694.072920265207,98.08375549316406,187.16719576719575,15089183.432804232,488849373.64126986,-0.6309512555599213,202.3728253223302,-314.36277584246295,68.32702813213726,0.6538466601530653,512942639.67501026,536.6809515930316,12932.244145589137,67.85676932501492,954.095787143818,335.59615750907284,61085406.58503401,213.165854314283,25071.65656995773,406.01653242899533,7534917.589656634,23.880977178012024,2815.600916229807,373.8009828009828,365.9935136020967,1.0843584686211802,-0.215297428988935,118.51506883954367,0.7430421849696013,9.119954469269388,21.322847230500923,1.7407586749917765,0.8538670832902976,123671.828125,3.518914138999482,-0.0104289441019618,11591.37295424413,1.215949701785778,1.0982924357939232,561.0137889688249,72.79077114218023,11128896.0,27.75078354582521,13.25496056911325,3.0393843368039835,263540.0,21.335319947457307,3.121486034951361,105417.3033422939,160.2164383561644,6.83484679649104,-0.3882774621248245,2.594751714798225,1.8756266724458743,61.52265211046857,4.2196102780202995,-0.5336996686657995,20.86839406268645,52.23105415563821,2.409051627624465,0.0372449539494768,0.0034663877681629,34.656191657100514,38.07494082904756,3.95619957792852,153.82849948153088,4.875024084120602,94.72690199046994,1034.8859843683638,-26.505659791394077,930.7878862067278,-4.802251100540161,578.1876887533108,19.966673197184107,648.1950319452695,511542965.2690296,377224367.3462325,1003.7909532528492,78355478.37802199,266.2689653515888,30.172368049621586,-50.35374607060222,3.292154958527471,-145.49610111787328,6.530020699360226,-0.4015810546471783,75.64339262505285,8.481967720569708,2.552538295833932,46.82027397260274,41.45303702336065,-3.9842363032494506,6.468855484207728,11.274358077004235,1.2424076425424777,999.2831233945044,3.318874592779088,6.647411946670942,8.155539836696718,21.342176237683177,76.48594852724051,6.498496462019881
NGS0529,163.6263724589038,168.0238078368658,126.04130376658254,44593127939.05622,14.104344248819183,35.231374857663035,9.109047095832418,5691.763283855718,74.96126556396484,187.94582392776525,26794365.00112867,590491444.2697517,-0.5128898024559021,178.98600889422033,-228.44156000562856,79.18894340392349,-0.4484542172178886,1090248894.8045976,344.96171659657006,21156.187133441486,58.91764036206443,1457.7631713871308,280.29279631512776,1511050292.2307692,64.93396284370982,5965.354064795756,571.9086503513448,12839789.071238188,209.92594553957647,15881.634633569927,1158.4505314799674,373.44942574700246,3.5001472026075575,5.779004813161243,13.789029813607607,5.5828570299001825,2.3060752000943876,9.061664378446942,-0.1806006545909829,2.230170202656152,28490.613481069657,-0.3781261793520244,2.899642190358379,7218.612762218508,1.712517967063295,-0.7983161682812396,451.87309214245334,22.42818901559739,924778.1875,39.1498885874784,16.173098979583987,0.6457142857142858,831467.6142857143,21.15308565439848,2.827511295041495,251572.1792698413,172.3128283993336,6.387884478354535,-0.4907559275627136,1.7842585871063834,7.526237886103403,32.879773551455344,-1.3569562964355857,-3.2902053617545395,6.470659152367518,7.84410455407813,-6.632600980308249,1.580810310794704,0.6319966991924926,37.89859878305045,29.961764599156485,1.001804215841419,429.6863343423533,3.1216714916870463,90.78510102650316,866.7803238233967,-34.58035712587413,1112.921702709633,-3.682666540145874,573.1766991601688,20.97366884722851,664.2846447023037,607964656.2340001,496130303.9622914,255.3999946382156,86526143.00151058,191.99784813998215,42.44189453125,-40.38196821707814,-0.378957740004187,-134.13352663760824,0.986376616222469,-0.3525187009762304,48.65337901835977,10.760962261098234,18.195396294338508,51.588235294117645,149.10554959603982,5.521331594641294,3.8117131470255057,9.681026106618338,0.4649612722975481,819.006721660661,3.5452194751286923,7.65291574985177,8.669447222831415,8.601233771421498,153.5640192621028,5.113225009807158
NGS0520,153.1376229156411,161.6168308066954,124.58531209342247,37341276723.04062,12.118355101210168,48.70326374992493,49.305253424735525,5205.145652287219,65.48469543457031,134.0969696969697,27052513.727272727,879270286.8863636,-0.4471714705228805,165.12028320405702,-256.1522426525253,67.10990762571447,-0.1430234594217611,712502363.7393484,338.4135016201757,9649.44085107192,64.75022652598304,1204.663189892562,280.1284719148276,356536738.39316237,402.55324512593353,4387.617107835151,380.3903077930583,12462403.514079897,125.80691269554649,19005.045823338856,658.8976744186047,279.11660906914466,0.9378565162691412,0.0078526296394347,33.701158961155464,1.369267046236922,4.173675074166768,19.199258899464496,0.4012514027983452,1.1926374878467854,116108.43664835164,5.123220012426781,0.037533855396811,9716.737581443997,1.006481580338755,2.3813252068332194,601.6222753609859,155.42524144240164,8388628.642857144,19.522265852613767,13.29252367238567,3.689594544195216,305845.78832116787,21.19822127383211,-1.6436090779901606,13990.858268921094,163.7580382278856,9.885038721023154,-4.870741844177246,3.397030074221121,0.987045168262224,47.61437774825188,-0.3241259848477665,-0.4113031007750393,4.035079720753791,-3.0980779241068315,2.3740901131599212,-2.9381555685089515,-0.4665279314974846,32.58851228553912,38.23273644343527,1.00750250439311,515.3740705889759,5.045336874371815,110.97997116600057,1386.0160319176216,-152.15387103078797,1606.3375192724511,-5.378298759460449,619.5509750798333,8.260737036750058,683.8953452579266,81730856.58560981,354510781.84293723,2595.4497066786344,126606379.20743036,359.6525513445881,44.73937377929689,34.14301242633485,-3.7027956934321526,91.82345576084724,6.423451039283118,-0.020318201460981,105.1880562938,5.1460753936584664,0.2224734089587818,15.07882649281375,2.9647695713068702,5.001779692087161,3.679466168617608,11.888181314235414,5.2839063612130275,1283.6195986834025,-15.426114330423736,-22.539633616253138,7.937184358406281,8.455657298550793,193.5212570022235,6.9013477021170155
NGS0542,158.07814961111876,156.5247584249853,136.9479641360835,36390080866.62759,11.937193327993231,56.453984306686,4.74919088891599,19525.32771009444,78.65693664550781,237.27089337175792,13517348.431316042,437943755.5196926,-6.9188232421875,183.7319029276676,-248.65023709688805,93.03578907611914,2.5009639430015396,668280404.193811,338.147488915689,4641.613667368177,63.69835441228658,1163.567488648149,259.8013482648605,313201496.32743365,9.59874222920276,6149.437453150111,431.6872675250358,8873693.680400573,184.3300243944707,7160.031325552225,472.1655526992288,247.64952587737568,0.7053092791198078,0.0253928068318953,3.5594940227925895,0.2505983854568563,-0.0367782769721433,19.521459785500372,-4.383230655432215,0.6677822529941678,1729035.0,0.090381345858113,0.0026137412470961,2616625.0,0.6765721080904944,-0.0457311450798184,582.661090909091,89.10689228354639,8503688.5,21.976095500459135,11.41091499506649,0.0142827137156059,212576.52173913043,19.051713990139795,-2.559198462931731,754325.59375,171.73467385973515,21.76997614716736,-6.297134780883785,1.0946389719544398,-0.7953538089017479,3.529426940770737,0.0885172151765084,-0.0187373774284042,1.1062951238800378,0.0164648167002736,-3.0105632144069627,-0.0303765260192969,-0.0029856436767603,11.141720775886537,6.657586100377755,1.0,623.2693158109204,4.8321952002009425,85.92036588323495,1170.750035833297,-27.632663063584452,793.4083159638715,-4.089716911315918,674.9075460944118,18.70307862015401,789.5632052709749,291737068.7890008,426216447.2845831,2691.4179037677573,74238301.02141328,167.17266115030196,28.73323364257812,0.9835443535046224,0.4305526417300548,-27.466427744976595,0.3307819991979712,-0.4517261894189715,95.92330980352104,3.743656807312584,12.096266586223742,64.69445806768023,988.0377662383372,-4.097503369048333,6.25464360571859,12.771065406067676,1.5070795078405534,242.58383905480756,-7.935204096413694,0.280444798560215,13.369528622929602,4.2470539085467935,32.40789201092024,4.788962943633237
NGS0383,153.55184695962967,155.3319027115808,132.04798512285294,35690232361.74177,13.176628022526838,39.67089635135165,9.192701185668517,4970.788395458704,78.50474548339844,173.95910780669146,18339296.278810408,606798128.0879802,-0.4166538476943969,173.813869897705,-268.39722409227505,68.07351498660222,0.2846061220562236,562176038.6531087,431.96241656525586,10518.428072752706,65.42085311695661,1152.5342358278658,266.674071160758,299703376.7478992,49.82949933244367,3832.5398327643215,340.8281124497992,13114560.4686747,71.68160606484193,18170.992427371777,460.375173370319,315.8171132509853,5.680253803807212,11.822852321437637,11.097779583520817,6.0685827353193575,1.4150387890890126,8.061437758890907,-0.5738164442015202,4.703100886384192,5488.789923895586,-2.6026886199034527,-6.962269571755652,2102.730959126427,4.30191462966681,-2.4696565644977264,613.1346655466643,16.427004791044336,1806021.836099585,44.081569916025884,18.184973454103392,1.4019227525721032,2279459.038961039,18.33441661374886,3.4900176733152173,175724.66963414635,160.98359214767066,10.512228028169782,-0.4208458542823791,3.4856373116545556,2.401031931105129,106.26082803405129,-5.079817957214388,-1.2638346498929414,4.761679305042128,-2.6120063881255335,4.818403705944576,-0.9274128537940364,-0.0598926093527892,58.63553477473862,45.78312748277139,1.0053963697535204,397.32590666916894,7.710805479890677,78.30287735164683,831.7933940876754,-22.226957750755872,861.9824242424243,-4.45835018157959,500.6582330787271,18.957672848462025,526.2216590454747,238000985.63778293,242103588.8160967,172.9085251329827,301274583.12711865,192.32491114553932,30.36949195861818,-36.39132202032626,0.9788676717289015,-34.268008456664184,-1.8262531314424149,0.3912213061858841,67.88618208171266,8.779665365876909,10.196310508924396,50.74875476120715,154.71539399440317,-5.71745145330443,5.135780533939095,13.93139562176113,-0.3724041658516114,927.4413131079048,-5.316860737307072,0.6251184026642747,15.206452246930215,6.777808566479496,108.3415507845758,4.64424797367033
NGS0517,151.72340666936785,157.54364474646383,142.89884017688271,35338370501.515274,14.772864680811024,17.76944485086364,4.02350783306401,5345.180703646907,70.64266967773438,140.63636363636363,22915893.70979021,515470078.59615386,-0.4410540908575057,141.52992812547913,-212.276470334887,83.78234092905645,1.100005076526651,729069348.522075,267.87886442822634,5550.871047557392,59.07948809019412,1172.25999656458,229.17859259702485,10624915410.0,16.342796906047095,4090.269068329447,387.8148788927336,12339779.666955017,186.28858232094888,15786.991530412975,485.6415915449176,450.46437756142393,0.8862215967913771,0.0265506819213134,46.53136732892165,1.3004651339825395,6.038137603130959,23.709419331320895,2.1330636976006296,0.7338817556282556,1481802.3824484642,10.990621084398212,0.039615528152195,39767.06143043536,0.5662472684659903,-4.936163606387477,300.11249679678826,131.14302161623291,20919878.076923076,21.750079386679612,33.65280691119674,1.8518990929705217,7253573.273809524,23.551361039977483,3.706261457827728,227379.07702861953,239.88495789176773,10.548754579222038,-0.3562170267105102,2.978924335552729,4.172742163436612,99.55216512859728,5.739472475842483,-3.3811668129748194,1.5362981749000106,-0.0977037880153719,-8.996765853646757,0.1451884259571077,-0.0023297625677712,85.46749195607013,65.14276093616894,1.0016868771104743,319.7869925855836,2.96264930482233,81.02444422856934,1121.8594652264487,-25.038789795766792,802.8236943753637,-4.121809959411621,570.1086433575994,15.791509826294831,809.1134799018436,248646602.35799244,234898107.58163264,911.9679177187536,78606465.84771574,236.64334678647407,24.57026634216309,-8.801150065870909,0.8407720613186758,-17.35568921950395,0.7763988929842232,-0.2658183702286072,63.262477200889094,9.415873710273967,47.28198738963911,57.69726397227707,462.3447354400312,2.879395435331136,7.916158221565903,17.604491245834133,0.4096500623209238,1645.577514983243,13.4595035378581,5.064916288933996,18.19612170563332,7.9137700829138655,135.46295707550462,4.8400177690384325
NGS0510,163.91773212854514,155.04837954651444,138.8593227987737,39788803231.249306,10.248756841154922,50.66935922045347,74.97505086586808,39857.61595949253,108.6128387451172,161.53379953379954,20675922.468531467,676901950.4452214,-4.360530996322631,238.7363370168516,-314.8709220911378,93.88057225968622,1.7601526567974075,1780988056.894297,536.24136229045,6973.780319174088,64.70419089918491,1152.2519779331828,287.12974300511905,256785657.4814815,1458.7594579969264,14991.222465383453,871.8606199770379,6694687.246383468,10520.333532360355,8304.941853456745,1214.6409127301845,240.2707316459679,0.9828579109335268,-0.0773298063097442,40.07655219339625,1.68060284796981,5.842680686601817,14.508523246331812,1.205826212388588,1.455922522044694,26591.275493412013,7.395883719961282,2.1851980295048183,70268.98711805556,0.967817201470834,5.245651304495673,444.5341002465078,0.02278414259595,246832.3188405797,42.03300604412624,4.914264752681607,2.5561205621301775,398186.5096153846,24.03577506612235,2.6715427233773235,86251.43973588342,168.47733866933467,4.9481769635044754,-0.2577240049839019,5.634426960112424,2.2662427905099984,25.46379773643563,0.7765669220505849,2.055671840258933,2.8943575342102053,2.3465236077341767,1.6368693363476492,-4.7635710827319135,-0.4992071178885929,73.03183033238814,33.07183105357605,1.0004165808993128,435.6893395429068,2.977257062952673,116.07454621036776,2573.540291422094,-227.79866286575157,1352.0950388806164,-4.339605331420898,770.6080931531836,10.976034021177766,1011.783783579471,230416547.3423361,299204222.9048163,834.2809549372631,60354544.145833336,423.92068727427727,108.51777572631842,268.7603695932506,-14.35951049503876,173.72442759182837,7.926116881857281,-2.7312992634978497,114.02670031954892,15.98012554887448,0.1543409824521963,16.110755377688843,1.6154712091360452,24.79353162885428,5.473494168699776,10.593454271784934,10.922708009022095,2041.3883168011675,0.6037342140549936,-8.79385732606941,9.496630116492785,11.696675196316912,126.38050854857842,3.766544220045736
NGS0543,143.62395195492823,149.6262009141447,162.79529548187705,36738204590.36584,10.650987452749254,105.62518642400224,16.206419628884742,5125.043259371349,99.53913879394533,245.12759415833975,7998582.651037663,606443869.3850884,-0.5756423711776734,305.99458180331754,-346.3350815513132,90.75159569407748,2.0437885473780044,478893749.3098869,335.76756892550105,6069.118146665082,75.10460872519604,2828.2610700258856,317.92545452176495,21099747.641596317,16.414092496772614,2841.973693414383,453.873898045228,10090850.508623991,3.273415509894848,1544.0233324502765,518.2584769316287,1016.0636456044358,1.7046258240102503,-0.112786316573576,36.99908577654185,1.2681138054979817,5.112425634936166,13.812402771409468,1.4497038467613212,1.151454936727189,174996.07142857142,0.6729478104022588,-0.0405574071895084,165904.17857142858,1.033682451213331,0.4121654249255759,499.9645320197045,11.943539258275004,2058421.0,29.559255502438788,14.241808136153075,4.591314693634741,193414.19512195123,16.405135379756306,2.379550251570654,8436.119539399093,156.72164231036882,5.672821763587456,-0.4677183359861374,3.9595986008809,1.748679738043267,54.2645862261566,5.069139586131937,0.7091484671468178,3.307621800032239,1.2634905910348175,-5.2188116268980425,3.337473922188115,-0.0094347582461307,43.93097823111222,125.17312787583758,1.044098416484578,369.6158889317523,3.048643894852265,83.18925114775305,975.1407091272544,-23.772983921947574,936.909532008139,-4.154148578643799,675.166778797993,18.5693194452678,736.6253641474029,251371300.93771857,240726367.5230635,374.2868826519722,100663674.60727271,164.90875086124854,44.35067977905275,-35.41296346955589,0.8201029909484885,-48.88950258616356,4.1686530226907,-0.623948950485253,70.90350035169911,8.966216728166225,6.779353440444419,49.15588030619346,46.98572718515548,-7.232981893115352,7.314250448811802,15.773538812728903,-7.50922744905641,1236.6763481862567,6.260721888338699,22.659553966787772,15.274777660105508,6.881304584376501,103.78657238434576,6.032851277972893
NGS0400,160.7893358910746,155.3319027115808,128.13840602773962,41174930991.968666,12.57261249074347,52.06779727367438,4.1205686515949,5151.966124667694,65.83895111083984,247.36282394995533,17661622.622877568,572123790.4486148,-0.6128741383552548,171.27044167648887,-295.9684708823396,81.17754418684311,1.3256513315861675,710799690.6707578,438.57478761153624,6890.149065178169,63.70921286645658,1108.0260774931978,360.6554527473228,80708262.44425957,4.485030864870996,8854.805892549582,1220.4583895636526,9145698.594466936,19.387187606883764,26620.313047277337,454.7433774834437,393.04362311990064,1.0215555070959623,0.0003711701706167,43.809170293817864,1.285201480616321,5.977997553302444,17.91433884465962,2.087041746834968,0.8999126425173729,1089664.0248015872,13.415541914131987,0.0101666252728459,87323.59066003424,0.955925983580326,5.007979384856974,558.8319254927442,13.69238578327074,1101696.0416666667,48.66873612501453,15.669221687921604,2.135336447418255,610809.1910112359,19.415036847310155,2.0155040259306736,29651.744482323233,173.24476266242377,9.001030921507077,-0.5796836256980896,2.157688689002927,3.039754390699404,60.35036565527956,6.318196916090133,0.9740754583191612,10.288792670566568,-23.5089802460803,0.6961872480646581,-3.4999885569731357,-0.6778045762978168,25.942659253189515,49.101623661546384,1.009287227770268,422.9815019720372,4.300390675559667,93.39680829048976,1103.1508183949145,-35.9602744247999,1287.513530628615,-3.9818809032440186,585.4575544472755,24.773694790370545,735.0394776058205,351491296.29286444,559167221.8090993,9414.90949333289,145287318.78247735,184.75649381717585,28.166000747680673,-22.4020628919941,1.4288120383275509,-47.13664551755536,3.7082574647814233,-0.6302738692053855,75.44110522363349,7.146959843097577,8.635592397670841,62.74569079819676,62.184078130587544,2.6995868101761484,4.087779022733238,13.456891754083737,8.54727918415419,949.900534426974,-2.1323848726118526,12.628857504804726,13.268391442755318,5.857756197042927,246.0811134287765,4.965597782144364
NGS0064,151.17989843759906,161.78998732925348,167.74741649161243,41428389400.28788,11.196413317079136,96.0997739890766,4.203389443050398,4511.274845679703,92.12621307373048,182.5250431778929,11156865.1537133,847240360.7996546,-3.6452943801879862,243.13206668851385,-258.39524119559223,60.701256717974175,-0.7693835628122576,695309918.6652522,658.357713792124,14118.51444595016,66.48168115389274,828.5654126473414,346.4827073970904,28872813.293413173,4.665334361658395,8609.139260499453,631.3321123321124,8101556.062881563,6.854045178683335,6235.930541600668,460.77860169491527,1216.1759731194322,1.262646630082668,0.7655278242615012,135.7000016564799,1.067504939927913,7.035019836659638,71.3723184597983,1.3963542842167798,1.2962134257610196,131412.12657754126,-6.9881860814485215,-0.1064466937411789,168678.13361568213,1.0571439995395933,-0.5358987942343538,623.6206773935461,48.19335506520899,7896400.095238095,19.97070584818472,14.837103444265423,10.13925645872716,1149167.652173913,17.070158487603592,2.158334518738606,6813.192975996811,176.21545157780196,10.70739389201428,-0.4320178627967834,2.7720852412671917,7.845300133888587,74.69102973718294,2.393150610149075,-12.16764736064261,2.6488727093574407,-0.6228497699738802,0.9331356397598431,-1.1770621167692517,-0.0346555020759489,125.56423562759493,315.4261611147506,1.0531246254273874,378.67508266778344,5.2834245738447,84.50288695729452,1004.0238698799404,-33.558437265374,920.1244019138755,-4.594454288482666,560.5062977752593,17.440747618386478,697.4725257067759,238855419.10995543,268620930.0222383,338.0632882743135,32291772.053097345,240.6528740935053,26.80832557678221,-19.00677616452289,-1.0869258225439458,-1.3563949583877093,2.266528984535501,-1.03383247667159,77.18428518131307,6.54680860564668,8.558007015594125,50.78283848904088,47.330561951252584,7.6357374918106675,5.999865293347413,13.77214686976171,7.497721213317752,1364.046227147201,13.911977963447224,7.2865613619964575,14.58574541149324,5.031576293518992,342.28382164481513,5.469021905799483
NGS0409,162.55674203877774,145.60219778561037,159.990865650864,41011562158.307144,14.281520887550474,48.22973242989541,47.8369675378524,13313.029189068884,114.41453552246094,147.99734042553192,19329224.877659574,866571230.969415,-0.4516181796789169,190.0506068876176,-268.07245158458056,80.44343286718798,1.3157642343896283,708591802.7160288,433.5278519827535,9408.481891912856,63.993240423825824,966.4719184893568,326.557836744047,72410703.784,195.4533707544558,3358.3792756998528,448.3220472440945,12780725.96456693,21.67152014481904,2871.116200417596,430.1590073529411,477.9556369852428,2.5269706934539182,-0.951204157141438,18.139784064654336,6.503572918891721,3.4605027591418276,10.033985755804624,1.235390134610579,5.522741069847758,3031.7537318406985,4.4822210174393655,0.12792489518083,18800.17637694788,2.5342914047562544,2.258588145149463,373.4784003275779,1.9079247900181728,2138330.957894737,31.78958182693416,15.326008088945397,0.0853772290809327,635803.237037037,31.454131867035304,3.709999117363379,945712.5149551972,207.7293014533521,8.531852291483833,-0.3708191275596618,4.695882643252218,5.710659638710818,107.50458662393012,6.385401840949228,-8.071838638718699,1.2154370046914136,0.0287825301713964,-8.591473049706881,1.5940366689317012,-0.000449654491385,70.71665777587475,50.678150720820526,1.0039348809757649,333.48277382419684,1.849007525628301,129.18675428527882,1287.8521426956831,-15.791772670354874,1260.8848928911011,-7.226558446884155,789.3802000659997,17.61276315238734,899.9819513581842,458962825.5054211,417596241.44005466,78.71455860707626,175705533.42439026,351.65946363222326,48.55039367675785,-429.54238843882337,2.3957433476985677,-236.4037126764708,20.260155081241315,-6.490817638382553,123.85955885920184,6.707716056787192,1.9326726873602744,44.547116736990155,16.75279386923603,1.0879721551532764,4.451495431813289,13.606787452968016,6.2887083151032,1580.0171440840002,-63.41780845294514,22.779375504589268,27.315746409985227,5.066156880618763,114.2623526651994,4.998022213954891
NGS0491,153.6454225998254,151.2084653714864,150.70255629584335,43046303144.30714,11.522288746703405,46.91069114334946,49.41740485656893,5054.901753047606,74.7666244506836,196.9174528301887,21904630.869103774,985110024.543632,-2.491472816467284,172.33674678148114,-285.9703828829241,79.33548621446577,0.0259563821968346,725298644.3997135,538.6397274417706,4894.574833979089,62.37126106182892,1228.366437427073,289.0839876850115,195880803.95067263,482.26057729958353,7956.161075905441,916.92087431694,7608076.005464481,80.5996971827619,5009.597909173608,413.9691154422789,264.4292038261551,1.1876547349999986,0.1632897873583022,73.76871566532508,0.9580651533184644,4.630044793994681,29.8102119819126,1.0652342047015109,1.0428079295462336,1804007.272848473,-0.850887715904198,0.0143818889238836,144755.97261244632,0.9208273350433764,1.2536898506262089,477.538,60.17990498512627,6372515.037974684,19.5724984375,16.65541160337842,3.4418140589569166,1243101.1142857142,19.95512051276741,1.351048070493804,93363.81592342343,171.54755877034358,13.835446306746764,-0.8259071230888366,2.375115507959708,2.6187807802754364,100.09138603317372,0.5736846303767573,-4.228790241894794,5.060724927488883,-6.782492628963273,-2.606030908864647,-3.09215032422365,-0.4404628412318227,50.50925565931449,34.88455128788034,1.0025222572760162,295.6986105206783,4.436518468398039,100.31615692068571,1014.6752809366692,-21.940090090826324,970.6309847842576,-3.6088438034057617,470.0555055468397,20.515276987383167,680.7123637775267,343676553.72441536,374123467.1729671,377.2161845175373,125259190.21802326,197.57663662493337,38.59185905456546,-5.98453950215444,0.3504587175240711,-72.67111311146223,2.668062436452956,-0.0435574832545364,67.4338553612472,7.138146454025528,10.541211958434069,57.43737191078963,161.88223776384154,-8.804710307959837,7.241991064001538,16.324254414925914,-2.1945907789682773,1252.0042040096644,22.355882778888997,57.909004899108744,19.93503098658712,6.796259999983092,144.18352019852082,6.242164233261292
NGS0030,161.9200564995305,160.12495120998477,186.22226941779783,47722284751.6704,9.937155805871368,49.70239235708504,4.117205079175456,4900.048150547168,93.42335510253906,185.4295566502463,14699176.204926107,472139326.537931,-1.9506665468215945,189.8767573045733,-225.61925489667533,93.36995215402712,1.422753244226854,763239942.6221591,568.2520505855194,8550.376083167172,67.74699938521644,726.880574222973,357.4422422501029,33002205.69728784,6.586124183827591,19016.232518025463,515.8413729128015,8839493.058441559,1.3387976105343995,2476.8192621591606,423.40425531914894,363.2102936717069,13.62090273096042,118.27134493459693,10.53604528122142,9.582884037490894,0.4628490908682144,9.634164484963224,-1.4820757225996752,19.18739764721365,50.48021331337566,1.0869285644901274,0.0734817305485788,5958.190627071342,2.9923623295346315,-0.8373507978701836,382.1750414135837,30.057395848362425,87699.78787878787,50.18442239446587,24.64571540555364,0.7700831024930748,590312.7368421053,24.930793661635136,2.8851090160772452,135274.70853174603,195.41263282172372,6.372133379912239,-0.4425829589366912,14.893768056156611,2.4613455553664707,185.4753404886387,10.797722561569142,1.127121817778023,2.115252283028121,0.1354530871636445,-3.9315049186019135,-2.1216684455427663,-0.0082851149111315,53.16925217406087,74.2270050554451,1.1857232180966586,410.8848659236698,3.744624709159979,103.46441706602894,787.1019071508291,-22.62644358094912,1141.3099825740603,-4.965668678283691,468.6483063639263,16.791338580991486,661.4059666659808,488898774.35384274,254482726.13364908,132.03215651362737,180106540.31627908,112.40185485660112,19.62781524658203,-83.85718567650773,-0.4222443528460069,-8.225702610843097,2.2737709538681585,-0.2791213087166854,86.41851402848818,3.0165147147437197,15.911029680335927,71.17709563164108,242.36822144475295,-5.521806088796296,4.523944923190308,12.3198910354486,-3.619222261458455,337.6184351389641,-0.0673993321582687,-0.0924231185763127,10.154827662299796,4.731893034460224,20.017355287329405,4.237296408828312
NGS0053,159.5043060570551,157.2768260107,140.52842793793968,38368346321.76934,17.06466527022201,22.35003199451521,35.453900727373615,9522.019226478147,78.20933532714844,165.3136690647482,22302927.53381295,726644652.1726619,-2.0344438552856445,197.81062160426512,-209.37284170781896,72.34331643752495,0.1884418437620161,744245978.2054665,572.5909467235165,18429.066259606756,57.041861715358706,1082.781347502002,312.98196730721,91805158.70361446,81.2171538867082,1845.14760787412,391.2200124300808,22622985.69546302,5.320193939539597,20405.205235006048,357.0100143061516,946.6246041675664,0.905973348069313,-0.2883672636129529,165.59649087899032,0.4881764118483238,11.002572787636264,64.1981161740026,4.036550848741084,0.6952115347900774,776590.5963071894,-0.1205703677816288,0.0014292578161441,813454.1764705882,0.6020881457622905,-2.1413638838066467,563.8381625441696,77.48962588541238,10970583.75,25.473547558341345,19.161797649298272,1.0009233610341643,717963.3421052631,27.538704420869767,4.9789951004232575,259608.5546455939,203.52337790541148,19.470367691109335,-0.3391475081443786,4.2815952866953255,3.878085083683225,115.5795078616686,8.408068735148046,-7.3081924604724735,1.5638426353869928,0.5251998035789912,0.5529755056637685,-8.762514355763864,-0.0104699342420644,280.79787654519464,96.05413733385735,1.00285748663622,298.19281999167674,8.25400173435864,91.67583852380984,902.624770758962,-34.73282194173011,838.5761412862379,-5.726221084594727,496.98607619741034,21.074420036306883,512.1205074892488,349781676.10496867,432135644.9816291,182.857589065668,121690865.08794788,275.14032542336844,25.906646347045903,-64.36836821002522,-0.8250834854651391,-24.728073124437625,0.0214778394726371,0.1929289147757824,87.523870323844,6.805320661203984,4.825855694845421,52.982589966795295,87.37286904360994,3.660496838209628,4.9878327391849,25.135417637490868,1.1067349835149531,1411.866961029312,1.5836854477460771,8.699366290866644,13.111618125883307,6.920341860891031,191.6949993105246,6.690165062294199
NGS0430,160.45589374142725,153.37535656030275,124.11302914000984,36945910593.7275,13.11975008989668,45.70748854392927,36.227700398691255,5129.620287672683,60.19178009033203,174.99046483909416,20516338.842669845,928042582.2657926,-0.4992884695529938,161.1162774888032,-274.09005321608873,67.61402096773321,0.1247098951237064,969792843.0756257,339.53338426063686,4614.927065039741,61.63016195271122,1268.200471028825,252.28458415765212,4586359593.444445,405.5111381642498,9633.095820500906,911.97933227345,6619513.280007949,698.4507361053713,9016.01713631579,769.9452621134446,295.55433280532196,1.6541124415547197,2.010733881601511,16.503594526488797,3.129185139940384,3.126002924815918,7.931632191426787,1.192661805575029,4.558414072322852,6211.478260436324,0.439239643298689,0.5606071745754875,134984.84173804618,2.286803548007598,-1.4460361415532057,598.40661924637,26.990553289127963,2084466.054263566,28.524504725838977,15.453139730090257,0.9630102040816328,2206417.0,15.33549707363465,2.6951191582070995,242411.6687610229,154.3193213471765,6.524912595799768,-0.3448029935359955,6.971496851360732,-1.525213636096859,40.51021785160686,-0.3365284116985635,3.591237612326806,3.233091167836269,0.7030030889938147,4.058291090427989,2.9367117865238477,0.2618003349246031,34.58055991506209,56.38916727464123,4.000813818539532,256.69740348365036,5.045742330243109,96.89673816841412,933.2594467563036,-30.308657362224025,838.4275217802036,-3.664346694946289,688.4849647763909,19.9583706413935,590.7329047896577,550981282.9416041,305069338.6693746,122.51670067442988,604350955.3970588,110.98756695790864,39.220977783203125,-126.78560622627076,0.9759074574615912,-291.6107498291312,56.05909444705503,-9.252752980929856,91.00403443744092,7.627121233784115,3.843540403129642,47.02430995188655,43.65359739447453,-11.6063025186768,13.7794007193128,19.0384169984606,-6.794496701807087,1865.2015845638357,-29.929618559666135,17.420457509624903,13.509408247109464,6.001473972682231,63.93941576073839,3.644711061136654
NGS0292,156.88384950798846,151.07613974417006,205.93206493792553,45130401132.137985,10.39233059259364,69.17524628532102,9.222098063294563,4596.5475567115645,108.34685516357422,221.45293569431504,10426601.13420317,470278911.6300093,-1.7220353126525878,228.52346198978225,-279.3706041824201,81.3513971677601,1.1512514262962612,746594581.6726233,558.5228891917209,5936.092889528644,70.74193046801736,59.760437252990044,35.1565226894673,14230937.652861446,5.788206091379452,17022.423428716018,480.9259589652097,6933173.86485281,2.4120839106624405,15673.882275983238,441.0723549488054,553.9304710072237,2.4104032262956605,1.3189845643181164,13.61580928229835,5.737092650767576,3.202888222422279,7.20788598160444,1.1138045529892473,8.140462136140464,3441.616699604964,2.7758191396401175,2.1250439623119135,5436.405784493652,4.62819770654569,-0.8976790314638946,579.5810246679317,139.242984375838,3740999.6875,24.57644868038827,23.9023707309477,1.5126379494482023,1059433.566037736,27.944340658516044,2.697801093896205,79298.43529380343,210.2400147248297,6.317495510458055,-0.6520488560199738,8.834386557239833,1.591275282710677,41.74109218203745,0.9870801618364226,3.4562654762382214,7.582552697452831,2.0187228981245866,3.616297096595495,3.391943728412191,1.9877317617369616,34.52350257156037,119.40053148052412,4.010270983098926,445.4700093860095,8.740169298465855,117.82498742001768,1517.0574025239534,-137.97406413479212,1242.275227017651,-6.794772148132324,471.68602930681067,10.109759059173628,1004.8416963919302,110862466.52370256,223018981.1034607,122.37948167430667,445231172.2878788,461.420586400886,53.1527042388916,6.144806946910445,-7.734134600603273,89.95354979572738,3.773075148461425,-1.7584274960154327,93.56500937047235,5.552209972459678,0.895365502444837,19.5661697036628,8.366730125644676,23.153102600821885,4.918340144155391,9.731416228655316,10.505913054956135,2713.7091857635355,22.51791187740351,-18.16450143811949,15.78437983611576,9.39346881416168,87.46689192534772,4.727880633029937
NGS0031,153.31389651904257,167.09278859364338,152.50305283059873,41820965110.67089,11.84019799145691,41.390758122216056,9.28744219130048,5927.106025236174,84.69059753417969,230.9164118246687,16094968.342507644,951417462.0173292,-0.6476770222187042,206.3023816099753,-214.8624610304655,82.13857368547639,1.0742842847941685,687127536.5473251,354.87501898460636,10024.63779837514,66.16251367034131,3959.840681909093,339.5089934246105,49923709.05236908,15.988829448867945,2968.540881625238,577.5805899957247,15836221.438221462,0.8010257014439534,1595.2730822881567,542.0436507936508,1482.068449653876,2.818314404807784,3.32777732903594,14.865712463760223,4.754182126291432,2.780106824212562,8.878721287908618,1.5086959104921367,8.045774618566163,243.15144652383557,-4.594056633573883,-0.3960748630361668,2453.7859263524106,3.1762777269806883,-0.9272839448201716,431.9532282663955,24.019408425142533,362054.06451612903,38.835777879495666,33.628856313706606,1.0150891632373114,4206165.851851852,24.681464615176964,5.559560824501731,299924.20986085344,225.6209885651051,27.18751560165733,-0.5250834345817567,3.897074193552712,2.782872636969728,231.51690468856305,10.362224209354936,1.9447453259762748,1.5962597317190037,0.1570235911876315,-8.134040353717046,-2.8292460023954247,-0.0106626869603696,109.25404319678242,66.74932622456083,1.003128120889948,344.5131764907623,11.42602670915974,64.52961524510124,659.6017201181326,-30.714242559793515,946.7833782983485,-3.3854236602783203,369.812410361279,19.235299757492893,479.8099141323739,330630071.7892972,289954226.98867893,110.5162662137774,1620612031.28,129.47754891344775,21.025218391418463,-57.74368205114619,0.5291225057596127,-6.246928760449022,0.6602520914239111,-0.4927783139678764,60.85249222999559,4.2337549796281575,67.73630436739275,98.7552563629657,1911.614957803919,-1.0319944903617282,5.550686339291687,17.064993364566718,-0.4789471535060617,461.99610230096965,0.9747657904910992,0.9539574352396788,16.35200648034462,6.678422530598807,42.55646614771628,4.5515595265440645
NGS0499,149.30057024112187,157.83535725559088,143.69626118341134,35796455332.42337,11.940298502758406,45.92116339268137,36.2054127996805,4828.205756057695,73.40679931640625,169.40754716981132,16677407.73081761,546628207.7044026,-1.796381497383119,177.54399027520404,-255.50013697997545,62.21516831583216,1.0334359934934343,406582783.4795871,655.1968888728916,4595.030750194636,64.475458038483,1129.278090555876,237.91428402669385,2483564610.3076925,326.71932086140987,6280.232187610722,396.58386648122394,7759308.620862309,545.2140346762961,22001.123847655566,389.61123058542415,237.62801167325543,2.81102317079108,1.539169672113753,12.969331035138218,5.613871635002522,1.8586751776400643,8.231639583465041,0.2816608529447951,2.9359679987382687,9979.140727604368,5.299545645890065,0.3783550635338273,3981.9567548241257,1.2650264425004123,2.7211626828678943,361.87508299345535,17.182436002351622,456723.4405940594,47.57091743249096,12.80253195858248,4.517149901688462,135288.62569832403,27.19233284593752,0.6316302842591672,3492.6867886269447,161.32261812548413,9.973925568612575,-11.734168815612792,5.481138874340455,-0.6348164760404782,34.48387023986524,3.395904261706405,-3.59018637252176,4.641047280196305,-2.378288857887118,2.7823067693196872,-4.042668588544866,-0.0917938089628849,21.74180449827041,54.29090777656715,1.0242204204888796,306.5794537902673,1.6478878292807455,81.12315575407621,935.2279949889522,-27.342126946845426,922.0085031285096,-4.550734996795654,516.2292886313311,16.211797510568548,614.5110190924289,489494122.38849086,462159793.0920919,655.9945951929815,80103069.25128205,218.6570920620916,20.60975799560547,-77.54042258343078,1.143298006943135,-142.08963903396372,6.283215168467754,-4.203867602280422,88.81251618601328,5.4670879521915685,1.3511533846537078,26.28272656855151,41.031443523502546,10.62320731198783,5.7690695516559956,9.760934305072611,2.674698137374179,658.2377762261497,9.741806197458123,9.28040370778866,28.344253998521605,6.273815512929102,163.6266729472826,4.673392872206367
NGS0038,155.4584808792768,165.46903033498444,158.21347499215824,42568503631.44499,15.953033527182043,29.07850207164085,5.680284469220518,34804.70578982727,74.40928649902344,211.62295081967213,20559039.336696092,676351021.9709963,-2.9436908960342407,164.70525310680517,-306.25402496003704,89.92924554775435,0.1519700282188447,1278639540.118116,456.60758819859825,5107.57818679429,59.635307213495565,1254.3960317327478,252.45084116310397,4036683757.8,27.860607252764776,18504.015578747378,502.83228247162674,7799134.880201765,393.1203592224563,6985.466065803447,551.2162294680069,491.7157834487885,0.8647011280208893,0.1986211499793433,14.451406160193368,0.3764504114715455,-0.8259770770149348,3.1333473901063273,-0.0764797382055587,0.5950202907666791,1334924.75,-1.0037629512716415,-0.0167534679681011,1000768.875,0.5391595025152077,-0.6983659962429332,269.1172119487909,16.87552326885625,3083536.75,27.51478552596169,14.959359215117372,0.0532525510204081,630644.8392857143,37.07382991403185,-4.611803894375195,615201.6805555555,241.773864828413,31.29329652235448,-0.4408749222755432,0.6054995884898924,-1.5044784489708694,77.61312930740772,-3.7421507198782655,1.0598996354302073,0.8742566374402194,-0.0244694152617099,1.3165943756509615,0.5447269098272518,-0.0032451388680265,24.762838367341125,46.43777722342806,1.0048960964075853,335.4050001065552,3.4329458514075606,80.45219098729919,1120.565010634264,-35.873371713053736,800.8639755766621,-4.559474229812622,503.5416912084574,21.146196734635627,707.2997853229468,357293656.20295435,391780539.2787638,1539.1825973986492,98790349.665,197.08576798653223,74.82862396240235,-215.80956024988984,7.093612972885485,-490.8555825943964,13.526322933491578,-2.1979461560243956,65.00664823229152,7.434711970069473,20.698537967135888,82.52375243518657,237.57794133493417,8.788315559320502,3.5715578278578053,12.941139118206426,4.13175994447316,663.302685338187,-4.651265222815349,1.0955345616698564,14.311725507575291,9.254421829850356,64.53072380482679,5.7600110593271765
NGS0210,140.00510733958504,144.06942770761603,135.57511248508618,30639925428.654892,11.113509777943314,44.86206853496917,50.58245389533472,11809.914111885077,71.10623168945312,186.2684085510689,11838788.186460808,380814349.65320665,-6.607174205780029,176.97504020279428,-224.3680708318858,71.03424848380654,-1.7326233673856732,518333032.6571213,339.68581424500246,4649.279176409473,66.5628140613994,1072.0035174020131,218.50504390840132,371676540.6029411,500.3352145695678,18949.738668708214,335.23571147024046,5305734.58770201,116.4638437833794,11625.09812218072,400.2649134060295,243.44469041284287,0.995359514272134,0.0786891942494076,3.2248213074814194,0.3785920054058296,0.2642923045840301,3.6179731627697738,0.8268688149686394,0.9312323102735868,1528444.625,0.2342682557137761,0.0066712905041107,1530805.625,0.7959435024193562,0.0207782825492794,393.6966003848621,85.37943269356387,9721924.0,21.39123325794359,10.86054493024843,0.0161246976619188,123711.19672131148,16.920890366761352,0.4412102845401542,352740.375,174.09224833391792,4.17007150648452,-0.7422357797622681,0.9416102481284168,0.011901969274588,3.4901052854484567,0.2598731898271922,0.0229759220075945,0.8871466779576361,0.0211422769955644,-0.0051017946372956,-0.0040526306222068,-0.0036257690453146,3.202655246505263,47.959655702768096,1.0,236.02020133655017,2.129187040929464,108.4109323376361,850.7361966580727,-33.37284690323528,1044.2422734810796,-4.458786487579346,534.1964661323568,16.601000293276087,617.8062031092793,250545451.18830183,210202585.39847243,103.60931605227076,56914101.28738318,199.3030568660968,31.031687736511273,-192.6118916548263,-7.305370653643081,92.28282180343396,6.897226149850455,-3.954120941511896,70.02543841532275,6.677176260314612,4.878010513294536,45.90494563311119,52.930066425247,12.299755134182368,3.6384743547401466,8.782870318104301,9.182900303687404,898.9769399478243,13.878360933860511,2.6599848618267092,7.979782345385155,4.719656354543575,126.79897782652436,4.964410069727135
NGS0484,146.13671522986937,141.4496376806954,147.6676431834725,34605091736.123886,12.149412296918664,80.44804340505418,64.5622185288221,4344.262213528026,88.02041625976562,194.2015579357351,10980440.7624148,498905832.3729309,-2.123508167266841,277.49663435608664,-310.0981694258155,56.59160664443255,0.2006036356828965,484823926.8405656,536.5242935526713,13024.308272888078,68.02592225420521,933.8361731225358,301.55604086307096,56724907.472332016,440.90907865052657,6371.838987478126,782.5242334322453,6003362.381058358,59.38965472298993,3305.723272596103,347.464501510574,315.8529303147964,0.9835819180904416,0.0071150128050982,116.76303246330748,0.9101153451541552,10.2982630706521,60.53839173370544,4.625494013297319,1.1374426293758433,98348.97473348136,8.284145471531701,2.914703964915118,607681.5320760234,0.9296242142344217,-1.6090885154013723,574.2825802226588,120.30391918319243,18281149.14285714,24.93732194007108,20.74248174490939,1.5069252077562325,7500844.736842105,13.72165573674544,5.755857708078543,390840.8291379311,174.90667779632722,20.199732562909517,-0.3198027968406677,2.5106309134348397,6.5212682219728295,82.74783836153304,2.0026222743958324,3.702271618164996,1.236583096976841,0.0624824640068486,-1.296541102619332,4.419176685304342,0.068159839255581,188.9577240764188,93.60275222173544,1.0014083683583694,328.8711940623151,7.596510446777752,76.93525190394365,1107.300447742115,-27.207015441900815,670.142174172869,-4.14546537399292,639.2915245654723,18.11050235420274,818.3134760514955,317404567.70538485,297977395.01116276,326.00389304411743,54033371.53919694,264.16724224564837,34.73870658874512,-97.08754606769648,2.132753391420243,-87.52213107472153,9.388866564704191,-2.1424618117944303,65.41638917881028,12.96080295017637,11.670565815272797,65.07762938230384,176.14515145280413,0.9498947033773678,6.219989102945328,25.21505443985056,4.713965282163773,3107.889721431064,3.0889627317616473,4.2635495325589305,22.02072631451899,10.972365073919336,152.90840703328573,5.155870374852191
NGS0219,156.8101673188526,148.33745312630927,141.3920371589782,37735851027.579735,11.576206659120524,47.10380407058346,63.819523776148415,7231.816825162465,79.66529083251953,160.55882352941177,18703317.209558822,604462804.6580882,-6.760206508636474,173.47537273854277,-244.35070828651644,68.89099792685259,1.1445946329349153,499064014.423965,426.4565649268287,7877.860684237876,65.68304625452208,1155.6857159958531,271.8283153853076,262574180.38129497,665.8683617184726,15271.365150605254,489.618611521418,6488416.985228951,411.5776621853146,23290.672067435167,372.6417074877537,293.78442776638104,1.2795910095710226,-0.0129712511120853,17.13960942823903,3.4372465542394743,3.509675571006007,10.494876718584676,-1.8618039046393695,3.0055474600863574,11096.806301164906,4.474088170694063,0.076314204495255,1628.1674596175144,3.477150603578075,-1.1911977666242777,299.09475,0.0945614529442175,1298325.513888889,51.02417733333334,12.21227800284577,2.9832525951557094,534001.1470588235,24.361548780690978,2.077177649472349,26517.337198350695,164.21943917772677,7.954101992221595,-1.1316417455673218,5.390147424995868,-0.7196505335299181,36.036239207054585,3.4430116252659797,-3.8461508499249497,9.40970472306635,-15.005341809499257,2.0664317425502365,-1.0241298778172312,-0.7652871320066842,25.94896607838552,37.584613418157474,1.0014850593902442,600.7475789519327,2.491648740160724,184.99440664344428,1130.389131851459,-37.00587238947982,1532.7746254277267,-6.411393165588379,422.43693970373863,17.703915744298516,621.2362215075424,195401982.14685175,151587460.3138455,870.200490743479,529651730.5362319,159.16891495162372,39.66129150390625,-10.922475399953251,1.9401492355987089,-34.33922318340808,1.949966288020634,-0.4534472540862762,160.9518322077373,2.809127399842738,1.4466729249793138,33.71270332302166,177.7957248064977,-15.009461879432823,3.878719010529821,8.694307012431038,0.4942946935074183,983.7789730366824,-4.9729078920795695,3.807965396473435,13.681764275150094,5.0016175422984235,22.89211739545872,7.814923266033614
NGS0483,160.3390319138356,154.20765220960988,153.09608749324474,40708040242.40207,11.033297008744736,50.638299033031785,36.50874676235898,5267.174263630131,62.697784423828125,211.17559863169896,18000520.037628278,580709593.368301,-0.6957516908645629,166.48639105523463,-264.0824609787552,83.13741320366641,2.3693106770761316,634822768.4280212,431.7523492895896,20969.144250981488,53.29938502441083,891.7783571495088,354.2731607499652,54660648.36163983,122.16421162052234,3802.5871386944777,376.3209109730849,14461557.621946167,13.795647356991733,5286.104753905092,679.2804138423118,278.3757370313678,7.207301171085567,14.448603804774738,9.805097946466528,6.2998606137701625,-0.2637213875208246,8.300677066392698,-1.2358685369231297,6.956093780732868,3129.670730446002,-0.2584371047099992,0.5434980418696648,448.51742979778425,3.090510783026728,0.1232301429670664,530.2071687646683,5.082542618112464,95419.6993006993,53.09838902267206,11.185000385173309,3.109375,45863.40972222222,44.98925023011176,0.2064447040926096,3037.5831300813006,161.18324786324786,6.4381068626524085,-7.779955863952636,5.719411072848907,-0.1153866409210114,23.65658133976399,-1.2860195764996072,-3.638798427151738,14.2936338455432,-53.85723856045868,1.6247552224704322,-0.968895634522893,-1.2560864650165264,12.027549364928548,77.92518503911027,1.1522542404585336,438.5697558115488,4.730672884926578,135.03596188921335,1157.1195046080977,-25.481336947149668,1160.71029376642,-3.99923038482666,511.3750204310412,20.58871997575443,755.2490263241137,492307933.35439336,322751710.5873016,2030.7187297363253,60655666.534959346,88.22084113304571,67.09767913818361,-52.515233322953534,2.077052905249807,-3.170250760966724,0.6192239355667051,0.2625552266782795,95.3040005543383,8.359057501806141,0.5068652020769294,24.288888888888888,2.2601852235570377,-18.104667155579623,11.83377640688252,9.97273291275362,0.1965125213439429,1712.9518401385735,24.04835801351536,198.60768558920608,12.027022250888807,5.504373391108563,1157.1195046080973,6.158751062727967
NGS0477,144.37348328186474,156.5247584249853,142.01566597877544,31221878746.40569,13.716143956144435,17.91786571087027,3.99734710795069,5374.491744519251,72.05393981933594,133.09403254972875,18076826.89873418,590832763.4520795,-0.5454727888107299,150.05585528658546,-211.49408065491497,84.38126998112061,2.3840890352428876,412256007.39,356.20519285758314,6588.31220122607,63.06825142004252,1075.7002246355894,210.58459453869375,3122356780.375,4.321924859944606,4447.795252289884,399.2671867381765,10666479.8269137,66.36084187990748,5438.094809015647,414.4763188294186,493.3073353333449,1.2439747819613614,-0.0073063923653223,11.765949706651575,0.3866957544743517,0.5494026665732193,263.0074336256008,5.873754407333157,0.6364185104535457,406327.4166666667,-0.3115870730598287,-0.0224563718928861,328615.28571428574,0.5622737890417435,-0.5624805262117049,526.1002073255011,54.93006382912703,3786410.0,31.03001897498769,27.782057311059784,2.416204986149584,1043842.0789473684,26.553175204729595,6.113085152027566,156170.8403703704,242.01507850147675,28.08552634002452,-0.5047253489494323,3.388511290834494,2.849683711698887,394.1134656946662,-7.245046962820473,1.6793352106363155,1.537972668980376,0.3083882199541132,2.6579093445248807,2.931668275155252,-0.002159663502595,179.1638029389003,81.09415368358825,1.003221136908487,322.5842892668415,10.653574593491406,121.36605214675166,1031.6280592442197,-20.84652219514998,1180.520767791008,-6.457194805145264,540.9503137813236,14.334806387955211,555.8178520808585,155683566.60479409,238285180.94891536,266.5953411448599,31310782.20287958,215.2224553291325,42.29869079589848,-30.510395396909477,2.2966272048398917,-26.088853955662515,5.641300467646437,-1.3557265177180466,108.1841753676348,3.1183928175380253,6.05180461429959,49.94574848437743,83.45332865265374,4.535320047170419,5.003126858189333,10.955410036480624,1.8744588179813315,1338.5663039424237,6.262003895177813,3.8099646471351254,10.066270032261684,3.3142150216839767,94.34899181462274,7.068847018797348
NGS0275,145.76097632573806,155.56349186104046,140.23865584527326,32624904504.561657,9.352837079222876,52.30734407909434,79.8980508356947,10490.639612605832,81.72428894042969,153.0422322775264,18017931.60331825,586799446.2096531,-3.42623348236084,168.42979215326852,-246.95919851161304,58.83139735261472,0.6405974164344514,492433711.2771399,428.2966832980288,10421.328153232138,65.74988131095874,1092.385575073007,218.39730430945536,6897800809.75,2808.4552861773695,8163.585288088299,440.9691780821918,5188772.147994129,73868.81633894812,22453.00367492731,363.506153501902,185.0262051646342,1.914261236603109,0.1294867085292723,9.395613241780612,5.033766268175508,-0.9874620465662388,6.058839031833284,-1.0655591293125766,3.382525772082862,769.83525,3.716634346855536,0.8274489191316529,162.37069444444444,3.426758923156223,7.441729096603932,410.2133333333333,16.669169505632563,44701.0,33.83595555555556,8.2122424003511,5.358024691358026,7658.711111111111,31.67796875,-1.2641423215393766,469.6666283524905,166.128125,6.645030933747841,-10.226813507080076,6.482460417505729,2.836661637743388,19.852303452735292,3.493052997503926,2.137748649199111,6.4953883840117665,-1.392928426569071,0.900306768194609,-3.9561085079978033,-0.6492306450843408,16.8242560121591,196.59398755970747,1.2180210318168618,240.31938276590645,2.9173220933209754,103.9527966463533,933.7230445489062,-29.30291412621365,915.4044774621022,-2.7806148529052734,491.8013990566232,19.105502282305537,657.1253035341659,349667333.6507536,254782722.92769727,138.15468089767126,94037638.78947368,273.7107108364655,-34.33010292053222,18.73529731764382,-6.721842478071841,-26.436044635945706,6.978511107695537,0.1477570505910518,109.45547414269645,4.278272119988412,1.107789001158357,32.875,5.480508119072993,-13.895463645562996,2.6717413037798456,8.768152758707252,-1.2794840398454903,459.8891076536267,-1.7297728497926057,1.114446092990228,22.68378702592855,4.029540109088357,79.29184432972704,6.220640690407629
NGS0423,159.08489908496662,146.4923206178399,195.40903562250975,49797228389.60384,11.128103088520572,126.1039814990166,17.87116678266231,19401.293087221085,113.4409408569336,284.66329966329965,8218279.693602693,774824905.3742986,-2.031300354003906,273.18691751571873,-343.5369830229788,85.84634763344428,1.0945930743247718,720452130.127451,1393.0222788209858,17513.104923496434,64.0861190618141,2647.783074532696,359.0429737151578,22844833.54921021,25.583775771381383,3879.5085532846897,462.4741322855272,11950157.662082516,4.6057804147713135,9027.747856669965,910.1733571216176,790.979702082125,2.0848112766474136,1.8444937872681364,29.46271443297095,3.734699748019476,4.913428028891832,15.928357730702531,1.3758422267858887,2.9242830700965805,23143.14862090283,0.3839373284566709,16.195876633549563,27795.461833619884,1.5105699264959684,-1.310840290750002,419.4726237217932,35.959704400050605,7187244.797297297,28.356734282315795,10.682288846584358,3.1195000762078946,632506.6765432099,35.900285457930835,3.608413250016805,42947.64854154645,179.09570577787065,11.53575772544096,-0.7228000700473785,4.76217381148798,-0.4098492489950121,48.98941821828931,-1.856680373753498,4.768237835819087,4.716804055677216,7.004446338577812,0.4906623702769698,1.9721688496111909,1.3044869067115552,60.09309124421763,191.91410339142425,2.435520484522612,426.37225853715586,1.777059440543677,88.10509540589385,1194.1884363660924,-19.698590406054763,1033.5283295003137,-5.551385879516602,568.4866624317989,17.491953347615315,634.4829021468769,376281244.8336226,398191219.5658811,4408.59398798678,244445851.97530863,189.63282779072435,35.57390670776367,-14.193247780788834,0.6604432824788827,-254.19115770648193,21.97282424381454,-0.3516661146875126,78.4879631394819,7.681339348598553,10.729340909741056,56.48772333089541,131.7884816956734,-6.6005651350294166,6.091137688066702,11.53469166196747,-3.459018702891897,860.0690540434961,11.364728917965753,9.141846433725568,15.689928648990282,6.615481031544441,451.4255228021376,4.5623632726424574
NGS0040,153.70724083185405,159.24823389915505,134.0530688120621,36073764022.24563,16.892271473444183,19.13005840749007,1.070388201745486,5672.286402231377,67.84555053710938,140.35353535353536,24998621.745791245,1129524070.885522,-0.5167935967445372,142.38671766417932,-188.86422826774012,86.06889980887267,2.441659380989954,685533669.9001849,268.8794627098576,8927.832971660044,60.44451794618434,1218.6548857303048,236.3066606828294,5989211395.833333,8.465704942797775,8979.460885147932,709.9435626102293,7400186.564667842,253.8440166683149,11915.61609745141,671.4187530682376,621.9395059928296,1.1054255050824997,0.0039412837513332,12.553313555312052,3.948810951958512,3.1227990954173586,4.9668220559470555,0.7799713717684142,7.521608096037789,3142.5008499469236,10.576658435690684,0.0164761278075994,343863.3988271605,2.933106608171497,3.739885506704234,551.9629493763756,69.42238097325814,29724304.0,25.663387105716588,24.61918968627112,0.4714532871972318,2018677.1176470588,33.173925244150226,2.896951107532793,477259.512703252,215.1170878738697,8.683039193294997,-0.4684069156646728,6.403826392541925,-0.4917147369118234,49.27114161529803,5.150186623069133,-4.981594220677753,2.898982530482771,0.2987326951582308,3.4101857546318612,-5.142987294454652,-0.0153195924401439,37.72544352035005,47.685594106569155,1.0011145837254007,303.07423461116105,9.904666270342428,92.01589544442028,768.7861168911475,-31.237280808513297,1059.334326283388,-5.436114311218262,517.3963575616809,26.125140315649663,466.9440639643851,191166279.47805437,448761605.17321,94.16932307648352,121669150.79930796,122.42930471430908,46.39610824584961,-744.406126666697,4.0231616131954695,-13.386172793608306,31.61846241695947,-4.5508798935750665,106.19619700597832,3.694163114428772,12.337684240329471,72.12914444702064,74.51786263287588,-6.336254323196334,4.946358618812691,20.378004475979942,-9.560476987970114,1458.4928485078483,-3.899983715114302,2.908850410634723,20.58295538334657,4.029808074325793,120.61789421289322,6.870025256696209
NGS0049,154.30673634797196,152.64337522473747,213.64376960145376,44528916991.55153,11.435144542299966,63.29021410315746,50.11287710852433,6902.925824495616,112.92436981201172,235.08341810783315,10408985.556459816,787858204.2278738,-0.9690751373767856,233.8840123380227,-287.91419811695545,85.97531003802487,3.672002554583037,557894751.3155426,677.1747660505603,5166.958075261859,69.54645276747715,7574.648479223253,303.41184094812246,30960984.483466364,90.8391326483548,17319.57220346485,503.1045943304008,6493859.682306941,1.6742575665537474,6500.840151957537,635.5974842767296,1560.471737896573,1.8470075371635128,0.0511306979775806,19.478766141915973,4.930498931448324,4.016457224484314,9.825882717316434,1.5995224344109356,7.077575348959964,5066.704703457647,8.608079775744542,0.0272623516076307,4213.79857129701,2.750249237518096,3.247213101259523,403.50970268826774,8.850932247691812,2849556.1978021977,40.836926707052264,32.62853554186134,4.264233241505969,1434324.1363636365,39.674599314891665,2.2280948448724622,9216.520476514766,225.44377955795773,8.084692752361187,-0.8307936131954193,7.610161919101313,-1.418322895785587,106.04394388465028,7.617076101946432,-7.260101065065329,8.290087890937547,0.0303296154839183,3.88984218490087,-2.031811797725409,-0.4721586492439543,41.79977338474058,279.1782342471497,1.016705706080032,468.6057270039116,3.0984258848037807,131.46548797454082,810.1956526677504,-39.03687035096806,1381.0645120763843,-6.198317289352417,606.2708463429059,17.210869799639795,588.1794888897243,165473586.37763256,320905616.603373,86.50608786181482,9625110.600333055,31.866636772963385,70.6491584777832,-473.16351799355976,0.4387285863289516,-6.973773675670572,3.898562896739664,-3.5679473852593295,161.16207015210657,3.135767017450924,5.568224132908336,39.73487115143326,24.792275495338064,-6.991051041715199,4.294818335512399,10.67127029459806,-6.754562513760312,1954.1470654223735,-6.494385778364888,27.848841438759408,10.256635006403291,4.10393686442442,428.43022869791105,10.25742656396084
NGS0085,152.48310022690677,161.50541786577935,138.11879311909462,33147287015.131767,11.763476781130503,45.20746644774164,20.756435471781572,33191.77851838352,74.84136962890625,155.3989769820972,14649656.337595908,480633813.3299233,-0.4143356084823608,174.3309953473926,-218.81801129458535,54.07003320793593,-1.4044895806443942,504914412.6331399,433.582901524073,4991.902159832648,65.91406181942658,1087.2503945821593,237.47448431407716,509304684.5614035,104.14689085412024,13124.536191675876,732.4986999479979,5230609.863234529,151.80503145274085,20403.392922170013,390.4838513101767,251.7595827694343,1.639141818160594,0.4689947820402342,7.371659901935722,7.055409973674527,2.3287942994962028,3.5547980572173192,0.6069859995044435,11.663210795091825,1030.8628060069288,5.093445675235108,0.0199103503061855,145638.32329710145,2.884436945388728,1.3856021964352288,574.6854078648033,7.110319329921818,599551.5319148937,40.526970681761554,5.215157140514548,0.5473465140478668,191176.8709677419,26.46822812176801,2.1433371089772444,111705.27724358976,161.95483596080103,3.9824382285275095,-0.3005673408508301,10.524835258255347,1.6571439385069993,39.91785525723399,5.138827195732471,-4.297832822429473,2.6322835172430774,0.1309018764408484,-4.657027620377808,1.648227228381458,-0.0167164612077602,27.479118789133796,66.18094594014752,1.0219926872404637,267.826194484918,6.586502158976843,85.0325157661629,1204.1325938187822,-45.73142290207172,841.2201268451479,-4.892113924026489,768.4051476302492,17.606646508223758,773.9656634130644,486156037.8366572,351660486.3086752,3761.6305042085232,52297754.99815157,73.39491261870738,41.36377868652343,-909.5332703970986,0.3916703966288288,-33.95957059734592,16.859157132917396,-1.420251368358831,150.20041209333533,3.914709326136169,1.9161845179977623,37.41712824882829,16.382213687238128,-6.248863262689819,4.877642753578618,13.302974659660537,3.7306780097225647,1344.5319301973536,7.325078560310535,-0.5367784104003591,17.794365017099814,3.674989492009261,103.62453217099358,4.976159840122568
NGS0485,152.4514246036163,157.175061635108,166.19589307270044,39847980616.33478,10.03818540336153,112.87061241117505,9.324926903873294,4295.695401520559,102.28474426269533,207.9160447761194,11190348.350746268,658308817.7751865,-0.7100539863109588,268.74338561658993,-261.9918537487566,68.00614592728719,-1.8158017937748707,631948484.2410461,433.6632841938869,13020.099360480624,68.16678344327829,2853.966428856033,334.13923611544067,23102703.722962964,13.514056730602372,20354.418065559585,505.0432357043236,5647975.846582985,5.233729311723294,2245.481140182408,549.6135416666667,603.6338833213579,1.3044172361694142,0.0007950740528724,21.50691404265074,0.4711934086117514,-0.9484166281533802,9.81227472749773,0.0789194224163729,1.1550120791015663,240074.55555555556,-1.324552797894739,-0.0193676297478038,120360.34444444445,1.097711767553796,-0.111762821833956,551.1277641277642,66.92602776989806,4557738.0,26.143700475100964,16.71489764967963,0.4,5242915.0,11.276339491243414,-3.3898015035982465,714279.25,174.24430601518395,14.582819947295338,-0.7862025022506713,1.230056580435813,-0.8146890064632719,52.527951950752936,-0.7668175814458922,0.1721879541650568,1.345117389698277,-0.0023039056394357,0.3443965157806496,0.0813363665989792,-0.0027063584073313,16.810973887016758,45.94033951491816,1.0039679734823053,375.77732024931686,4.885276928079344,88.84598636446219,810.5948879525283,-26.165449765601156,1093.1337389152402,-3.763531327247619,405.459419633159,18.237618169021303,648.5231225851047,234056239.0771787,253272784.9397112,166.48921693602372,128157500.43548387,154.46355327964375,33.183188629150386,12.888681308377109,2.11653444048436,-23.63965039190219,2.2925639180274264,-1.0437275707276603,66.37522051610233,4.740026274104592,9.11523599930107,77.99357601713062,139.62778875545325,-3.857798965862835,4.176154321808289,8.700799413978542,-1.5213297682981208,340.46702254633664,5.081091937023043,1.2005091766357954,19.996853854379715,5.180800249783509,61.376890376673984,5.960467864819582
NGS0015,154.50306657612117,148.21605850919124,165.39713543535134,34923257596.27579,12.289466994339955,43.38987216693261,4.09995458809986,4392.170018128074,110.68004608154295,117.81751824817518,13273522.8,434042571.39416057,-0.9446797370910645,193.8338853675859,-256.5345358034805,55.9542894155996,0.4073748678336795,376151532.22777367,561.7905581709806,6229.949805514119,69.58793593863649,686.4986168199183,309.5272646887588,24477589.706237424,4.276569208564536,4043.834531129969,373.9788566953798,17186519.3155834,2.031294195475195,10753.367781390378,438.14686468646863,1448.9593628358332,1.0366500062107165,0.0206793135341577,92.14758124735772,1.066101465475282,1.5240151290723074,32.868584742314646,1.1974510035750163,0.8010337205678784,431333.1860858586,19.09097468622109,0.0190094250565061,7120.913100560787,0.8341997960828704,-9.065823949722716,529.9151234567901,60.18430786126555,2129657.4285714286,33.460866981235924,30.798633887948448,5.814744801512286,1125394.543478261,25.864544834643475,1.1948277625010095,12568.982859988186,223.82297837167653,12.420912289160048,-0.9864289760589598,2.0867187977820176,2.4239165495741704,195.87237854933852,2.902427610898853,-19.66431784398964,2.8706336007007853,-1.7319955480838407,5.975673800791326,-1.304592800684136,-0.0554273179281972,102.18194641256984,170.04823963695776,1.050314973123695,363.8274951385973,10.7032420930157,88.63453097761752,1094.8097692545382,-27.446293903597503,912.9910572030632,-5.387479066848755,631.8052228514811,16.114908305822095,724.1490321645483,193483250.5593454,282334826.529066,1578.6802485799017,36908333.432926826,238.4184863966886,14.724705028533938,-23.15711251243168,-0.51129068176246,-16.16510601716973,2.614866517049835,-2.4092814299101137,85.84762586563289,6.163079867117316,22.700293700281808,80.28254580520733,283.72722479850785,-5.6549018985896025,5.804500197290752,20.43084728194024,0.5354934723476286,1332.9813385156367,5.2299008130072115,13.545786998938253,31.851749706899156,5.765638515157351,406.13817460484216,5.599056197630245
NGS0218,170.91003070508842,150.47923444781344,159.21850630837412,49547822037.38943,9.728671362631086,77.67224396911337,77.7476003053098,29641.04668135406,135.22451782226562,331.2330097087379,15188220.826629682,680636355.0520111,-0.940387588739394,189.32286185832635,-316.28226166103474,91.05475411819128,2.874781209640012,625159332.9773265,779.4960073543415,5095.139264532269,65.20436799634213,1011.9291078332,399.1233146414403,61461577.66161027,579.0055493894298,5614.467067805381,449.70215113072254,13376774.84997242,405.88397605817187,10973.503263903918,1161.0253164556962,220.4879240048725,5.605828316467303,8.640878357807853,15.598275328919236,6.393362093132362,1.138564895480167,10.231740612439806,-0.0909221074452416,7.223273745681856,1075.0529544597175,4.79985331600642,3.809802696875477,1115.386441357407,5.945531366359179,0.0773440912971583,528.9730295888976,0.0363009811716306,446680.16589861753,55.679947652210416,7.492926052161966,2.6402185223725287,269258.6370967742,35.25027341342607,2.8073606286874475,25568.81290676599,183.82889283599764,7.161452726609899,-0.4957648694515228,6.0326165831429535,-1.076314324983816,58.530773395342024,3.443713080414717,-5.953199360809223,6.681283521994908,4.3357730367363905,2.0739792754065167,-4.607265076098434,-0.1910504946027291,42.541791664129235,55.835013138293995,1.0075738434940862,268.0033799130377,6.188669009301226,89.94777511316823,1092.5053468912697,-34.141733750116934,1152.1686810299527,-4.202085018157959,662.8734278643763,20.56760945010838,1012.94245987481,820967147.0504884,536917327.7961044,275.6070732747568,186733479.4628975,266.16046112205504,39.765920639038086,44.23419741692208,0.7904351430207391,-45.37376034559641,45.12475270455238,-12.242839101643044,82.7046689200003,9.25617456238255,7.001195195679561,58.29642786658773,45.341525771735824,10.486369819652554,4.520384776378816,16.02085560317173,1.202409062971156,1812.9774021895803,55.906494574604125,20.70872095341512,17.618966660192008,7.277768595442908,73.82153492386466,4.617764065375836
NGS0023,149.60095814792166,147.10540438746634,164.93238772906128,35443841934.733925,11.172943234727482,39.8151191813116,4.088657864544891,4304.665743052265,86.61338806152344,148.02716688227684,12508946.539456662,561477541.534282,-0.8440905094146728,181.3413436031839,-206.0022613150983,66.15067638318037,0.3812508385420673,445523310.1832636,452.8463149629571,4638.287546074052,65.8510333633973,830.7288131902619,306.8659175626272,35335086.862068966,4.146020608396684,2281.9263948019125,404.8264248704663,15796161.8996114,0.7557252014385262,867.5872686952941,496.98669201520914,1325.2484983518364,1.6763684973976185,7.222190246046204e-05,20.136441973820457,4.228823432273574,3.999679660044885,7.035051727676916,0.6557463627946482,0.96405903818937,68697.6875,4.918122276318984,8.362023749486424,178819.13472222222,0.7557289294945939,-2.494385092005104,537.9263410728582,27.60269404687263,208861.21739130435,53.47372341427987,20.292841531977448,2.6186982248520714,233421.36923076925,32.81739149035648,1.8467927422675652,21239.78493828592,184.9327564894932,3.0777010433949403,-0.5233353257179261,2.7888207103097757,5.636530756717059,14.607048385283846,-0.5012890514825097,-2.13009442316538,4.316341907381049,1.2867470186797547,1.1634534700964014,-3.395331834774013,-5.849050787526464,36.02666654189766,111.8308957048296,1.0585673342883777,368.086188286872,6.576745209953912,97.5737105688853,1007.1497351943342,-28.151704020786248,837.0519717624148,-5.37770938873291,584.0343342300544,16.814415025946285,807.145379232059,245360697.94577035,384864859.8038291,1705.795130527233,123025556.80094786,160.00269815560102,63.098402404785155,-47.00223284320684,5.355081014457856,-167.32017960852426,1.3144363427913344,-1.229248005312927,57.011547074656846,8.307875451543389,5.573610230906956,47.2689740420272,37.719428930878465,-18.115305744013916,4.795956273128582,18.999850698737745,-3.439271866555536,1397.2672808046902,4.319075297928072,44.84930281013846,10.697492904849714,7.731526446495653,65.72097370928024,5.583281288456093
NGS0289,168.31298412381503,169.44615663980107,133.60963178307847,41070662400.57091,17.49667779617108,17.134113029862434,4.103819721936125,6001.685714203713,71.67497253417969,140.9554794520548,32215183.505136985,1434194747.7071917,-0.5508331060409546,153.31732924831277,-179.72657584294322,74.64535441463457,1.1151256319844016,829530612.8918455,356.93875388443155,12753.114172959851,59.90094628089321,1326.820049406522,260.93085621126,11689610078.75,13.18796308706112,23521.343441968053,491.65421273351126,8706026.409836065,265.09530040187514,9012.107927468913,658.3678756476684,715.7830468163054,1.0949144660557912,0.0012550992092518,164.34816440101866,0.581615632735835,10.09392529170058,25.10202354635955,1.512722243300653,0.6100422131366986,529608.0625,-0.060742961666267,-0.0340395709519566,200863.3047067901,0.5695359802557225,0.0780838374571609,531.5983606557377,13.68097122487838,2397708.6666666665,25.191604052052128,26.879528453767804,0.3209876543209876,2885557.777777778,22.97086083074534,3.1905116379885787,383734.4093567252,209.45807453416148,6.075768451262776,-0.4038236021995544,0.8206059150840044,4.893203372158321,84.18987177136304,5.320072904653995,-1.289269632616742,12.686236989738063,9.51009349661766,-3.8793557187681658,-5.577276956622514,-0.1255675952640125,77.83755374717315,13.241736517503938,1.0,506.8799405250298,8.154764191859316,76.67306448894522,987.3888241702354,-31.007240215619195,1186.5886237147438,-4.3517374992370605,627.6010240900515,22.88807016153374,865.22318262009,497270635.1929626,344950737.9328722,705.2737595880941,329990697.964539,224.2931132983168,21.519379615783695,-66.4571421655975,0.2625977279632467,-43.16655436756699,7.122659616278939,-1.491793879188002,56.339741383707576,5.947332925131083,53.34135057148295,67.78920807453416,368.0785982490664,5.71927749830651,4.631113499920088,9.934246338448776,0.1079788808334133,342.31473370471616,2.719331911394704,10.782588835468088,18.20799504308956,4.589883197147761,47.594973099219025,4.056691517151124
NGS0287,157.17710663746826,155.76905982896602,118.51561146374084,32875381869.948284,10.16154444673934,10.801467078059714,20.27865804799472,28944.40378679543,38.287166595458984,191.7095115681234,45443078.06426735,654040933.6632391,-0.4416673600673675,66.75534861943906,-81.46546775596006,77.32117672579986,1.657064444238458,1268566222.3620071,195.63939436666945,14292.661626659374,57.006804131395235,3684.580972421147,326.51389990214744,46589554.61232877,25.07743844575352,557.1389717991126,540.4227027027027,36586374.48324324,0.0205229929771356,224.2863019514903,330.7959183673469,574.2598797489925,1.0352153686094516,0.4932837971910627,29.917010255631915,0.8834624472612218,4.383114613417753,12.756613451260286,1.7318835025442871,1.165116113164043,117561.8133796296,-2.324520035657413,-0.086720241377717,3128045.246527778,0.6605278133051375,-1.9656415449486724,607.0224307128221,16.482172355940857,1042776.974025974,30.570360030231473,8.142445923963919,0.5982803254437871,383126.29807692306,34.36972188948035,2.786763878383151,811256.8717948718,224.69337356129176,9.330379933140083,-0.25436692237854,2.70545276923393,-0.2248238553572534,47.5042082293842,-1.426404967091557,2.69695767028104,1.3049622883354324,0.0219819789241369,2.3746327290418887,-1.0893539233677123,-0.0197758340317188,51.64234343358575,91.12930524712492,1.0092338899950333,223.1696481732259,9.89145995385668,78.31034416608162,877.4487055788895,-22.265821050862353,847.9772936837252,-3.1194005012512207,501.09541898379575,17.376644267939348,466.5965588827354,306930982.5671243,321547402.9718687,89.59198337337637,581583633.5762712,178.9364300012194,32.84391937255862,-56.11782547891756,1.6773196028465744,-143.91377205107835,33.56224858653763,-1.1155911048355238,68.6528740305659,6.914821468147023,26.295192565693345,70.57358364063023,417.7793066827081,1.4501294963971798,6.639873943963035,14.17018785622614,4.256532873420461,517.0274698422468,-0.339965688018588,0.7285573360808465,14.171585000214575,7.099703428766335,32.599994549134124,4.241891030106345
NGS0273,155.19839742251503,160.46183346827368,124.46623177019195,33199303272.701847,13.692337879102736,40.51142518784669,4.075340558297487,4851.969358004608,81.93980407714844,139.53811659192826,19370222.200298954,867266708.2062781,-0.6483194231986998,185.2616954491901,-221.7250443224006,69.6725354370942,-1.3937120539524708,638449167.8805121,346.96569127305804,15372.077586127409,61.83920249073151,1166.321134791888,234.5085293471979,2062045398.25,9.74768709537448,7688.207981887151,689.8091247672253,6309320.879888268,459.34659658635496,19400.217689510493,444.97176928693113,344.2502205486892,0.8006351659075481,0.0,2.574070381722741,0.3162074433774714,-0.1605662057412705,2.4398457299529284,2.017848190562859,0.7496408226241084,18532.5,-0.134709895914115,-0.0306770662171715,26589.125,0.7186002594801664,0.0278291020886501,449.22779043280184,19.839774709441706,31106.166666666668,35.98392494850068,12.150864990511728,0.0,864900.0,9.932357497976644,0.0794051951800417,157892.5,148.16774193548386,28.53348176158382,-0.3849829465150833,0.7381218739332216,-0.2490936548025073,3.2048253136925404,-0.0377107640119375,0.1873772664338577,0.8027934539402871,0.0204157669898599,-0.0319044243292148,0.0478396346969527,-0.0113022074275595,3.470633127618431,33.313288963809,1.0,248.83754745236993,3.16686856370961,55.64733644664008,654.6481808521975,-66.25119591248757,599.8545503791983,-4.2144763469696045,207.9556328686609,21.49007974226738,417.8591646307146,306890349.32168865,374739770.5425885,336.0929820852718,204473736.45,236.33764357781325,13.27758388519287,-0.6938145509698901,0.3706119534425723,-1.5898659842734586,0.104748270788612,-0.009197514650941,19.881578622369403,8.60795310440391,37.11895751752099,81.31397849462365,1779.743669590643,-11.141921279122752,7.295489342447322,9.84558969848189,1.7851319333155962,57.84025944356704,0.0403193910237664,0.0908271863244512,12.676990156114394,10.24570719176642,22.032275908699894,11.564204967611786
NGS0046,159.59145878999226,154.46682491719702,187.5181071461502,42485830736.05831,7.473467122023304,50.03375349173712,144.600974259322,4586.602554482663,127.40855407714844,205.8003613369467,10764889.55736224,477319661.2429991,-12.037962436676024,177.0845685652129,-237.3502034832449,95.91486461354198,1.6424041381138623,630649130.9305971,1480.688535758525,8022.790459383623,70.37746980936542,1884.5014396637075,282.4967709633238,36533921.53865979,959.26081779552,3517.6991210442775,511.40732664631486,11840128.361971216,533.1478877138538,837.3144778688797,469.1356492969396,381.6002060443497,1.5610440330482216,0.0,76.46213031277749,1.4879780111230283,7.837512967968951,14.61080592907174,1.5937702397811384,0.9970427979800162,16599.23263888889,0.1147870723290259,-0.0413872317394279,19629.454546372268,1.241588036728211,-0.8873900766693494,483.58509803921567,43.15560463887812,1625625.0,27.232938715878504,27.78656714271832,6.842249657064472,374545.4074074074,27.6650972674459,3.73122986055866,27922.421261886106,221.0351201478743,9.41560084098876,-0.5916150808334351,3.616816282794399,4.607499865063215,263.3602619585256,6.279990147054778,-2.236770461758798,16.496882592691062,-71.2072068829814,0.9994665787243302,-1.392046159068409,-0.0051523271641135,40.362742496606245,72.3421872710342,4.451684958631798,199.9648835334555,6.797287395251052,86.74014498334367,799.6517963974026,-24.21688213750975,984.3247935634132,-3.835289597511291,489.14842029298075,21.831331425806503,563.8468782004861,244919919.8833691,243128965.13646743,106.30680190639102,145261612.37142858,305.98063748563624,-6.203312301635738,-38.82861462984774,-4.7703787593983185,-22.08697139678389,3.5152163930234113,1.242828485229227,37.583963041302525,16.178231756165836,25.294039537634415,80.6309303758472,162.36736297236683,14.91236822477881,4.848415841192805,17.287372207387367,4.416568963528557,1067.334456506023,3.964554448292345,-0.096834118813558,9.974060635005374,24.92953394047136,88.51311678215559,6.082781930625531
NGS0280,148.5363984282709,156.46085772486356,168.4639880405024,40797772778.97143,11.837987503837608,39.85461959842183,9.159614850556656,4650.432424337134,87.04185485839844,191.0506329113924,15394218.469505178,913651014.3337168,-0.8932598829269408,234.33453828532575,-224.08944134645245,74.90298569435491,1.2356354692173992,634135293.4169562,688.2059410921114,15273.54462535778,61.967248744290046,845.2620260055689,341.5649570866272,34585682.8907563,9.424044236898409,4911.564634539446,479.07055214723925,14986187.6799591,1.4176896182481602,2473.304346387438,380.7567567567568,2306.1194067097385,1.2023713755859768,0.0129440349640797,21.052683507162815,3.0837986183945656,4.180123465406569,11.234124711660744,1.7022512663116105,6.871116066671867,3108.6134693398863,0.6094918168145355,-0.0152428836073226,1296175.8317621527,2.5051066025944526,1.189270404003672,293.9933985125763,139.21458767005558,23804411.5,24.835284511865023,28.672183951440836,1.6622837370242216,1571907.4352941175,30.147571448853228,3.647972074411588,158290.57884710075,212.224240366661,13.100951134721674,-0.5481880843639373,8.282444697662255,-0.2265083520951405,76.07178743532667,2.789801380786446,0.65479056461536,2.807415302407234,0.7247791342153573,3.4308036544305223,1.180091072663784,0.0055503466516094,48.95764975336601,119.3919109658177,1.0195395329232582,372.62250275264233,2.8310726209513053,76.1625773369378,1004.7472984626862,-23.608017629706044,831.6834340677195,-3.2555543184280396,415.78873340478594,17.424949291768318,506.36452479881393,223932458.56556135,269912293.6330978,5665.885108820018,126421698.74242423,140.1850938347697,19.595476531982413,-67.71533997098209,0.2694052365144063,-7.526921392052281,0.1355090123989792,-0.1393707163303639,92.64980093918302,3.3607707574583854,18.32939258845977,76.4569682566627,734.972564410527,0.3393181333632324,5.332577613902619,12.493397447120191,-1.055644033528794,598.4561226515835,-1.8353404639049309,1.9812549844400356,15.236697528889552,5.605134732096438,40.29517424261939,4.921912296878683
NGS0364,142.32580768396105,151.32745950421557,125.36043461820113,28465848895.871277,12.620251086491823,44.21469612351854,9.129802341069738,4202.265691479842,73.19889831542969,168.5463917525773,11989753.719072163,267447298.92525777,-2.4885694026947016,189.86903413425927,-374.113459384536,64.1075447890548,-1.7940333566405091,582867721.5275645,337.23364183722606,11183.676396533834,68.49069438621181,981.3502444477532,246.62244813468777,108532347.8018018,36.525169488717424,2558.144854082854,351.1111111111111,9609911.444444444,28.80738897266279,2624.187292286063,346.89659990684675,358.6227715872206,2.032690930974482,2.122059395769715,10.302089922103018,5.925186878651023,2.770799204245851,5.760375701046677,0.3737043617619536,3.3103418273407335,10843.612046728396,0.7502830132596373,1.7477831806075914,1163.3072482237776,3.4852638470386985,-1.0958797630605204,591.6167230546157,106.3350265392963,682097.8541666666,29.37042362327633,13.778841071702034,0.9777777777777776,512654.13333333336,17.48822510766303,2.2687259322376643,80125.99203431372,148.74459404324764,4.704668562678332,-0.3260622680187225,4.486353749433565,2.033872602597018,28.154270491116847,1.5906920260091475,1.280870438377749,13.447231445987748,7.851592071232305,1.9532120436381544,1.9929037937085037,2.9077914418684183,29.25342564212969,26.83789722249471,1.0012893887264225,472.5350695769747,5.273970387713248,75.81321770861683,919.7522760750396,-28.015267598472708,676.3055094230631,-4.5964038372039795,503.0184995861847,26.233406413281624,732.2203126454849,195756521.34524703,319813607.0863001,780.2822849514272,70149815.26843658,158.36793075547956,26.454540252685547,-10.742451145273677,2.1027388062191,-14.018879818328088,1.3208517922659089,-0.9600160537208422,60.30649018580118,10.586262890076664,14.151720252612428,56.13545491636067,130.12721613265353,-11.023767641199482,6.263345112639808,16.151285564991078,-7.90159381995506,1234.0032286558185,8.769989853266596,-15.053163539903666,18.38478532630413,8.432745195854078,71.40187282470755,4.905149610316361
NGS0532,168.0366723853241,155.04837954651444,182.00039824095927,47498661759.717064,9.002995904407028,118.6027671673742,120.86263418554591,7227.763377738196,138.80783081054688,215.1702702702703,9941484.933108108,588657462.5135136,-1.697260856628418,241.04619088679547,-288.0966492756517,89.80928814769904,0.2568673466855106,823584014.9305093,652.413245506986,15340.51461253394,67.73909792818978,3127.671827227753,360.6788956489709,26874735.374913853,627.7084487677508,4804.495327839866,403.5040214477212,12156868.0633378,71.80715515145451,13263.891385051027,586.3011789924973,479.9191372646508,9.788286835695237,4.0145443044232385,6.4619529276246395,14.549597354580548,0.7627647567857413,4.846681978293013,-0.6178855481340823,11.488273606449534,367.7745106845267,1.8497807509988171,4.075369997303093,12.045348292759131,7.808285533100887,1.4920303741989185,357.43510423671825,0.0398771682055474,87078.09961685824,71.64541878074448,12.647442821007084,11.332262389053255,94483.72596153848,36.14165736641544,1.5708596970178028,1368.395911856575,166.14047171780422,7.0073640912494355,-6.856740951538086,6.727057567632922,3.757608946045984,27.07398849266927,1.6036017311992186,-2.6113989994043143,19.461680452766092,68.23133419988886,-2.7916031977339286,-1.1788767231238273,-1.5914038457275266,20.36626013005018,149.53540864631802,4.090005301745769,-26.90848603367264,4.846459139320837,105.82716018168172,985.1329816498136,-23.081302525026057,1078.2623251641317,-6.35910701751709,567.9897353968195,19.98081288808026,584.3983214060556,407751662.91524947,381415205.6883085,280.0150319935887,51949881.431057565,153.28194754497835,71.70206604003909,-143.3267208530891,3.4208692601459383,-143.08053219199138,8.060891931477716,-1.4997806514317302,68.54233211610938,9.779105090350871,3.5985643809936976,34.47693592151951,13.342005282043576,8.730636179590245,6.206074493558642,14.93419079906403,4.288871285789314,2885.8783548873835,21.094239811946206,7.947832869364829,13.374742591283972,13.574016927353124,119.92295064045128,4.918285930078201
NGS0535,160.66001562853765,158.80806024884254,133.40068505344723,37457302263.65349,10.979317439332956,29.12041950913651,25.35232816096107,5625.513364990928,64.5655746459961,111.3271221532091,35454101.62939958,792126446.4140787,-0.6687922358512876,232.85200593005175,-270.28817059855066,90.09048229381466,0.8860265023679178,617157788.0584615,255.4177948890009,15403.78238639868,61.87078959641204,1217.629774202998,255.20556781314315,413297736.5212766,121.97320853574756,3813.523072010432,371.6363986148519,13723538.545979222,29.40583381760803,10379.600455403355,1080.6228026117528,225.0587548360244,0.8958834753309685,0.0,52.10664903419134,0.8918386872423361,6.511970931851802,17.103618409674013,1.732359556797366,1.1088117976120282,377865.64501543215,1.780043685122083,-0.02121159211834,392066.1467113095,1.442415606992998,3.8998949895673234,552.480625424881,109.84320102282116,38940313.0,20.65279899134097,14.402283518614563,0.1052631578947368,2516159.263157895,17.083444309607472,2.1651957082918956,609480.9336805556,160.96717600452746,4.337810021290568,-0.2767758309841155,4.946138551761322,-0.0702202528420005,38.20390484375272,4.034884134819844,2.054301707295763,10.674395219864705,2.0968905804226066,2.4291688151409985,1.914327130883286,0.0649472733268913,26.53739366964711,33.377681118063094,3.9961059681367592,331.0607912199387,3.673274986027045,78.69946912086795,821.1648546875651,-26.610178500362096,918.2602354974614,-3.2425150871276855,481.25693426548526,23.928018280833665,625.2617889370539,438974785.9484512,436640222.0586824,288.2579629119758,89403298.2452381,191.68314584661255,26.217830657958984,-55.58692026357633,1.0478407196788182,-23.39151011442044,2.327997805060422,-0.2423192462636141,74.7541855359423,4.470867095739745,28.054092513651568,62.89190718732315,989.4103119379048,0.9227046979117948,3.2976851700895735,14.523531465665602,-2.790683803638427,751.4364292725647,-41.85935306359806,-0.2843743596896512,11.962416507180585,6.322683677491235,37.46620722733498,5.237601900772553
NGS0503,154.43920273059013,153.37535656030275,142.51429194818644,39021670720.21898,12.323367446234665,77.77015552776402,49.27711121952341,5478.752406350091,77.62898254394531,198.693817468106,15185852.252208048,498096317.76054955,-0.485302376747131,175.08656277571458,-290.9318456589675,64.21442613235395,0.8041032169782806,493093267.1454373,929.076879176208,6018.906266638113,67.30027754210369,1072.7264138816124,303.05067772825066,137002696.44642857,361.8425453560493,6273.325308289911,624.7726491529585,8059955.608887798,132.50736668842418,18845.68176159069,491.9802832546515,301.9730382568084,2.086694902063609,0.6916965185275061,11.938240313614982,5.384587772628062,2.523302674591447,6.926699766328198,-0.202950260882426,2.256203709430638,90297.5533077573,0.557850660616648,0.32563526577952,11853.84771459612,1.3968032351361932,4.525906665721806,307.9643494858691,0.1187193790607287,820188.7232704402,49.30241247490082,14.818503596178932,5.5394688468339135,321086.87029288703,30.860303723753173,1.047649821249106,4981.432861196963,150.44514584240312,8.25798376279481,-2.827691841125488,3.7003782877830274,-0.695399984297747,56.532012757852385,-2.3318109691400744,-2.992357714944344,4.656068721502037,-11.33675135755244,2.9437612536989497,-0.4954728545846835,-0.0299723056305961,27.084917947523525,147.96096872344677,3.984151943656739,153.41482250953436,1.1323095245006989,65.85260498897864,797.1113836616689,-35.99447110189271,939.4204282579038,-3.9674768447875977,420.0737854355115,21.68083153978161,442.1641084162434,328673278.17156565,333506180.6734743,245.28176706854987,140119797.81918818,68.8938244908524,39.26102066040039,-19.568332959672095,1.2910433328392563,-12.462805501281515,-0.1001670729804747,-1.0881621878193373,51.516256255273504,8.55820456955892,25.71317116150715,71.0642141924249,143.31423852797914,-10.726338522643353,9.290170407408535,17.689548552750118,0.3251204861172941,929.9955052966028,1.5309084064881833,-24.29506477077375,20.364436100864573,10.711277099085311,119.17152342209458,5.407836495538721
NGS0560,155.6152236113361,158.4929020492716,139.08392892437752,35515358282.06438,11.422143364116542,45.75105308657702,7.690778132738933,24758.86022262698,82.18489837646484,214.4429028815368,14182306.264674492,317986032.0469584,-0.5674276947975159,161.94771419783882,-226.75760526800076,75.30035763915804,-0.1172746412389464,744513358.539559,918.0468246661204,11069.939459517094,67.60005041250795,1052.7583752600144,290.04309784768355,94595940.3448276,16.424464992946834,2868.7161561607327,506.09055752497585,9925964.928778602,20.87841405649914,2660.398608273752,478.8806473364801,262.0594346009778,1.1016551728917388,-0.2896742373397404,37.91061271275587,1.9499622253063689,5.738272937599381,17.245461771616576,2.0739219249915877,0.8907446442548368,583178.4894318181,2.4301151554046063,8.01230985126286,53859.10216675327,0.980765389589244,1.789593257679599,555.0324224951951,116.89641371026676,3208147.4318181816,31.86053543012203,7.304299128167003,3.3093254731086335,504050.091503268,33.82009370463941,3.2490238934569637,138238.04385620914,178.07350130321458,9.277303350040892,-0.2892272591590881,1.908543004951924,6.105353992048485,28.941486368011702,-1.9123577656654929,-1.86088144908663,3.5270461598079543,1.9176371027547945,-1.2653174674159264,1.767608985895731,1.2595649717773607,49.1790326347727,53.77892414176126,1.0042142009356902,465.2426159456933,7.851624403928908,77.60897875993021,1110.766991027549,-45.38222056169241,666.173051676811,-4.2528417110443115,530.7122618527147,18.698729549272866,707.2930716180376,371905559.3064875,384841751.48043257,560.3089591556235,114536377.56028368,279.83859663280697,21.40053024291992,-24.974550302818574,0.7587103069828904,-167.81840911103217,3.5705311281223797,-0.9563120154802084,59.01062456393197,13.365014166188304,10.275397707860028,53.5527367506516,171.49947959696567,-8.663265462494175,12.719288171807376,19.446587567882993,-0.8337168234914831,1191.418701541872,3.812255034882556,32.71092366848088,17.669775440697634,12.051584941505546,111.9487166176775,5.272708847882623
NGS0300,155.13577252075024,159.26079241294764,133.77538377474323,35883725080.69937,8.5470283483819,82.52587666187081,64.77689146730529,5166.638780447156,116.98117065429688,160.93160621761658,14942395.43523316,884808236.9202073,-4.2817535400390625,242.25881362290616,-268.8708112042496,59.80803422724314,-0.4620294423404393,591082918.5536147,335.42744757790575,8243.582578902191,66.42088875142706,979.9423673727816,315.722389487475,96147920.49725276,902.2818920476516,3832.504368835086,344.11212516297263,10556490.103976533,13983.882212659832,6702.300191713748,573.0109756097561,327.52783296227324,3.713290667899936,8.88038766545546,34.171083567680995,3.0985203765325404,-0.8486487049614674,19.842605259232595,0.1684917057801973,2.9864375934241583,7567.5483849661005,0.2761690582886106,0.3774085818649247,3545.6850271528047,1.5960349937308538,-0.1490758095526676,549.609133329838,0.0833824183299882,1578199.8632075472,40.12508230229871,16.627096328747754,14.10353305785124,406631.1818181818,35.51423988585018,-0.2481746381865229,4868.42331255623,170.88606896551724,15.863980816766045,-1.092533779144287,4.106300888244884,-2.5054929647248856,45.41571725947582,-1.5889377842084826,-0.1366676733114492,4.245484492009902,-0.5778084109367192,0.95094128508548,0.3477031948671686,-0.0621689317428023,46.84288688547743,92.73035874313187,1.0335918686849856,-85.56624924709385,7.501238940748034,95.96767765446948,668.515367825362,-45.590838901558705,1013.930730072814,-5.770029544830322,329.2797351811135,12.48867840368352,397.7385115640109,187330026.1068833,207920510.87088457,74.11280423098852,551387177.359375,156.32536259599607,28.46865997314452,4.927962238179209,-0.7032614308212197,2.272713703214141,0.39864514737226,-0.3380249819013578,101.88336277871936,3.1539007270912696,4.628751912178686,50.88786206896552,131.74620751236006,-1.329476738740658,3.7159199396720055,8.278487612426714,-1.4987285916474369,461.2822245229159,0.0919035381004895,2.638408267096927,9.511633246334032,8.779400334103926,47.04024926332406,5.779077109107588
NGS0556,151.9794944169305,154.63505424062166,157.53438887356242,38246434110.05653,11.84433488259408,63.05271055302493,28.847013894477456,30920.55930600575,71.14276885986328,170.99269183922047,15528869.41047503,507018765.0414129,-0.7540181577205658,187.61501437172325,-280.926184130791,66.46746840027488,-0.5194315793096121,577076615.6824147,434.0981124366154,4859.897468842164,66.58473840366405,1152.6656732984777,243.62781636395977,523876303.6451613,164.4159046156193,17333.1192169396,432.28761904761905,5048442.868571429,425.56942960453006,7997.906045474736,420.0711591651999,237.3037061233596,1.700573790576436,0.6898561369291276,19.62993201342924,2.966100180438367,2.891351154830375,11.12618407211328,0.5470045280147681,1.6526542811186131,14851.589355636328,4.113571061471055,0.2272276639168471,8899.383732151446,1.2930747390451651,-5.880198322133286,587.2075704587534,15.521789873363767,493233.6484848485,42.781126169473936,4.742456803189122,4.5545197502869454,105831.50264550264,27.004803144675716,0.7793142348582541,7036.164278050725,162.81163434903047,7.319222990334954,-1.6682081222534175,4.363608517853018,2.936330507947924,66.89992483431247,-0.3430164403415088,-0.0516217030630747,3.978050132942755,-1.9294880680400617,3.8694446522270582,2.369749684519993,0.1925008318762578,27.779682726709098,42.47429870207752,1.0120374577758504,571.7474892051595,4.595338034016603,96.03014986922008,1128.3268134075718,-37.643258595584726,945.2089327691584,-5.5956711769104,724.496821400234,18.45445548769776,1039.0375401822591,299790482.20590985,316653352.62825084,1062.37987300371,91507040.91954024,120.45957311164278,54.962089920043944,-50.114770999568755,1.7695611783681715,-55.77333807775581,4.314835951218766,-3.2028546992881437,77.50771730024127,9.167606156803686,3.7165517425908905,51.33856571252693,18.180790153696083,-17.622992983310912,9.763178265675334,12.47162911649174,-9.906604626686567,1378.2606673295477,4.016008259483821,9.191723104431231,19.147750309204195,7.507060969048693,418.2097956210631,7.003280051349144
NGS0505,136.2342742846345,150.8509197850646,132.4678273024684,27597461044.66843,10.305464761326528,38.41230234822351,64.51782762650426,4195.60074497388,62.895362854003906,181.91370558375635,16296366.707275804,365254073.71912014,-1.2087460994720458,153.47632382269433,-240.2159359275753,61.26107377635445,-0.6842444127025612,402811913.4068869,428.04957109071154,16044.886710861228,55.41048317543469,995.3567735312068,205.73812345748257,1012726854.9523808,1855.984820957697,4910.822228529729,426.39487870619945,6231237.67115903,20713.43094459488,15452.01859901042,362.48988910632744,232.61978958029368,1.403847606657721,0.2830223018692754,72.71528149510128,1.1853064621377332,-2.575308745661031,44.26867007910995,-0.7748543605137683,1.276306011316772,54631.74934711238,-1.8012981345810233,-0.0127124459788838,13325.110149322709,1.0562397644289705,5.3132369951582135,606.2791178497588,2.7698525781808594,3572492.2162162163,22.761558249473616,13.988863664586676,2.265143320713899,546891.7558139535,18.427826482760196,0.3940300211438537,34179.12362068966,170.50377654268206,16.619395858263804,-0.9722164392471312,1.930359169574465,0.2358838892153817,163.16505128464675,5.59346111745602,-1.8563584715722308,2.1757102998990656,-0.3623312038945517,7.32116657328932,-1.212392563830173,-0.0384786423374603,48.459074196111395,56.639819859276905,1.017672925620374,279.0400376019787,3.9138456795233054,107.73981478360147,883.2772617806672,-30.454237154342877,1019.6134432466708,-5.745379447937012,373.5254490260616,12.280593495591384,570.3995316868863,158275017.90790915,206097241.20319608,657.8778454715517,238047942.6067416,136.54463716893207,38.64937934875492,-8.466987770882536,1.1344742332568347,-15.405397550375335,1.3687210322252394,0.0255490774483385,103.62555464702172,4.287213099404729,2.4943246933152845,33.69231865469574,14.815849990331552,-9.625344653342443,4.858415327833429,10.433701216043572,1.3831189691355223,999.9574295143784,-3.141589107155194,-8.24864969879654,11.948097011181035,4.36395248776818,160.80174313236787,5.689345163067128
NGS0195,146.23687607259612,145.79437574886077,215.53434839456295,46095124382.33659,10.096313219493258,90.29098909325202,71.44863510501335,14459.221632354876,117.12052917480467,158.4521327014218,10946892.968720378,855088772.0407583,-0.537604832649231,235.2890144454596,-226.55800493607583,80.6405237188021,0.3827932067197825,438007655.9428086,540.8365127927493,8388.32209296127,62.809119301731016,435.25958865647783,53.49225480047224,11385127.975884244,174.91046032460315,4123.589445352807,372.7364253393665,10465523.902714932,5.635293443934879,5584.7318695221,398.8534482758621,1555.949675991284,4.262842986190992,31.06614333145852,35.574473712645066,3.406102731266517,-0.7207002109332875,16.037797601223684,1.500366078007706,2.1763229731440954,6114.81869648797,3.082401536135668,2.484103903338625,2804.528354113389,1.8231724583656952,3.8185078782036896,332.8437314822653,98.41266505552689,3647944.694444445,28.7277846643878,16.543522477542048,5.411810427295918,728398.0848214285,42.94844760722836,3.286285702323669,27076.610919355113,244.1612752266745,13.318431569738662,-0.5875173330307006,1.829328614801268,0.6871302471632142,105.43379875024222,3.3881785767376993,-8.701431429186005,3.317852220068299,-1.2241475365098975,-4.073452240293084,5.961785530834255,0.4303003275854069,150.93663832497094,357.7438845823669,1.0430161738396264,366.77648271799256,6.379195081182576,176.7552569931671,1647.9249207932737,-71.35418798614938,918.084898136736,-9.79698371887207,875.7244724319391,23.09990916289247,942.3460511655236,395989984.8829575,309147457.3847555,462.1666960905744,120842299.1779661,389.13583043509465,55.69698486328126,-119.70390945971756,0.0824084693941865,-136.4506874436223,26.68081352153532,-8.078360356042577,105.07499263019946,8.130886973580715,0.6965252841411665,35.82667446621819,37.03643459661703,-8.930729694688448,7.616245389863753,16.733590653165567,-1.5397113806138687,2250.0981171025587,40.920998694272306,9.62914021134223,17.160718847712733,8.336467881537914,120.49673923372798,6.652545501838869
